--
-- Database: `itsa`
--
CREATE DATABASE IF NOT EXISTS `itsa` DEFAULT CHARACTER SET utf8 COLLATE utf8_unicode_ci;
USE `itsa`;

-- --------------------------------------------------------

--
-- Estrutura da tabela `companies`
--

CREATE TABLE `companies` (
  `company_id` int(11) NOT NULL,
  `name` varchar(200) COLLATE utf8_unicode_ci NOT NULL
) ENGINE=MyISAM DEFAULT CHARSET=utf8 COLLATE=utf8_unicode_ci;

--
-- Extraindo dados da tabela `companies`
--

INSERT INTO `companies` (`company_id`, `name`) VALUES
(1, 'Joes Coffee'),
(2, 'Butlers'),
(3, 'Dubray');

-- --------------------------------------------------------

--
-- Estrutura da tabela `orders`
--

CREATE TABLE `orders` (
  `order_id` int(11) NOT NULL,
  `user_id` int(11) NOT NULL,
  `store_id` int(11) NOT NULL,
  `order_status_id` int(11) NOT NULL,
  `date` datetime NOT NULL,
  `client_name` varchar(200) COLLATE utf8_unicode_ci NOT NULL,
  `po_number` varchar(100) COLLATE utf8_unicode_ci NOT NULL,
  `comments` varchar(255) COLLATE utf8_unicode_ci DEFAULT NULL,
  `delivery_date` date NOT NULL DEFAULT '2019-03-31'
) ENGINE=MyISAM DEFAULT CHARSET=utf8 COLLATE=utf8_unicode_ci;

--
-- Extraindo dados da tabela `orders`
--

INSERT INTO `orders` (`order_id`, `user_id`, `store_id`, `order_status_id`, `date`, `client_name`, `po_number`, `comments`, `delivery_date`) VALUES
(2, 2, 6, 1, '2019-02-05 19:30:06', 'Willian', 'D12345', NULL, '2019-02-06'),
(3, 2, 8, 1, '2019-02-05 19:30:55', 'Willian', 'LV1234', NULL, '2019-02-06'),
(4, 2, 9, 1, '2019-02-07 11:57:29', 'Daniel', 'S8950', NULL, '2019-02-08'),
(5, 2, 8, 1, '2019-02-07 12:00:26', 'Anna', 'LV2086', NULL, '2019-02-08'),
(6, 2, 7, 1, '2019-02-07 12:01:54', 'Luma', 'B8505', NULL, '2019-02-08'),
(7, 2, 10, 1, '2019-02-07 12:05:09', 'TOMISLAV', 'AT6844', NULL, '2019-02-08'),
(8, 2, 9, 1, '2019-02-07 12:08:26', 'Shahin', 'A14806', NULL, '2019-02-08'),
(442, 2, 2, 1, '2019-04-02 09:45:03', 'Michele', 'JOES', NULL, '2019-04-03'),
(10, 2, 6, 1, '2019-02-07 12:18:43', 'Veronica', 'D10945', NULL, '2019-02-08'),
(11, 2, 6, 1, '2019-02-08 12:07:52', 'Veronica', 'D10950', NULL, '2019-02-09'),
(12, 2, 9, 1, '2019-02-08 12:10:46', 'shahin', 'A14819', NULL, '2019-02-09'),
(13, 2, 10, 1, '2019-02-08 12:13:59', 'Helena', 'AT6845', NULL, '2019-02-09'),
(14, 2, 5, 1, '2019-02-08 12:16:00', 'Daniel', 'S8956', NULL, '2019-02-09'),
(15, 2, 3, 1, '2019-02-08 12:19:09', 'Joes', 'JOES', NULL, '2019-02-09'),
(16, 2, 4, 1, '2019-02-08 12:20:53', 'joes', 'JOES', NULL, '2019-02-09'),
(17, 2, 1, 1, '2019-02-08 12:24:31', 'Joes', 'JOES', NULL, '2019-02-09'),
(18, 2, 7, 1, '2019-02-08 13:27:45', 'Luma', 'B8505', NULL, '2019-02-09'),
(19, 2, 8, 1, '2019-02-08 13:32:08', 'Anna', 'LV2087', NULL, '2019-02-09'),
(20, 2, 9, 1, '2019-02-09 11:23:37', 'Chris', 'A14820', NULL, '2019-02-10'),
(21, 2, 5, 1, '2019-02-09 11:26:04', 'Daniel', 'S8953', NULL, '2019-02-10'),
(22, 2, 10, 1, '2019-02-09 11:28:25', 'Helena', 'AT6846', NULL, '2019-02-10'),
(23, 2, 6, 1, '2019-02-09 11:35:24', 'Louise', 'D10951', NULL, '2019-02-10'),
(24, 2, 3, 1, '2019-02-10 10:10:09', 'Joes', 'JOES', NULL, '2019-02-11'),
(25, 2, 4, 1, '2019-02-10 10:12:17', 'JOES', 'JOES', NULL, '2019-02-11'),
(26, 2, 2, 1, '2019-02-10 10:14:19', 'JOES', 'JOES', NULL, '2019-02-11'),
(27, 2, 1, 1, '2019-02-10 10:16:53', 'JOES', 'JOES', NULL, '2019-02-11'),
(28, 2, 12, 1, '2019-02-10 10:18:49', 'DUBRAY', 'DUBRAY', NULL, '2019-02-11'),
(29, 2, 11, 1, '2019-02-10 10:21:04', 'Aliona', 'HO6137', NULL, '2019-02-11'),
(30, 2, 5, 1, '2019-02-10 10:22:33', 'Marijana', 'S8958', NULL, '2019-02-11'),
(31, 2, 6, 1, '2019-02-10 12:21:25', 'Louise', 'D10952', NULL, '2019-02-11'),
(32, 2, 9, 1, '2019-02-10 12:23:27', 'Chris', 'A14821', NULL, '2019-02-11'),
(33, 2, 8, 1, '2019-02-10 12:24:38', 'Fernanda', 'LV2093', NULL, '2019-02-11'),
(34, 2, 10, 1, '2019-02-10 12:26:27', 'Tomislav', 'AT6861', NULL, '2019-02-11'),
(35, 2, 7, 1, '2019-02-10 13:04:20', 'Liliana', 'B8511', NULL, '2019-02-11'),
(36, 2, 5, 1, '2019-02-11 11:49:08', 'Marijana', 'S8961', NULL, '2019-02-12'),
(37, 2, 11, 1, '2019-02-11 11:51:17', 'Aliona', 'HO6140', NULL, '2019-02-12'),
(38, 2, 10, 1, '2019-02-11 11:54:01', 'Mirela', 'AT 6862', NULL, '2019-02-12'),
(39, 2, 6, 1, '2019-02-11 11:55:19', 'Louise', 'D10958', NULL, '2019-02-12'),
(40, 2, 1, 1, '2019-02-11 11:59:04', 'Joes', 'JOES', NULL, '2019-02-12'),
(41, 2, 3, 1, '2019-02-11 12:00:17', 'Joes', 'JOES', NULL, '2019-02-12'),
(42, 2, 4, 1, '2019-02-11 12:02:22', 'Joes', 'JOES', NULL, '2019-02-12'),
(43, 2, 2, 1, '2019-02-11 12:05:32', 'Joes', 'JOES', NULL, '2019-02-12'),
(44, 2, 9, 1, '2019-02-11 12:07:47', 'Zoran', 'A14828', NULL, '2019-02-12'),
(45, 2, 5, 1, '2019-02-12 12:41:55', 'Marijana', 'S8968', NULL, '2019-02-13'),
(46, 2, 10, 1, '2019-02-12 12:43:49', 'Mirela', 'AT 6863', NULL, '2019-02-13'),
(47, 2, 8, 1, '2019-02-12 12:44:52', 'Inesa', 'LV2096', NULL, '2019-02-13'),
(48, 2, 9, 1, '2019-02-12 12:46:38', 'Chris', 'A14833', NULL, '2019-02-13'),
(49, 2, 7, 1, '2019-02-12 12:47:35', 'Liliana', 'B8515', NULL, '2019-02-13'),
(50, 2, 6, 1, '2019-02-12 12:48:39', 'Louise', 'D10960', NULL, '2019-02-13'),
(51, 2, 12, 1, '2019-02-12 12:49:55', 'DUBRAY', 'DUBRAY', NULL, '2019-02-13'),
(52, 2, 5, 1, '2019-02-13 11:50:08', 'Marijana', 'S8970', NULL, '2019-02-14'),
(53, 2, 10, 1, '2019-02-13 11:52:18', 'Ginta', 'AT6864', NULL, '2019-02-14'),
(54, 2, 11, 1, '2019-02-13 11:54:55', 'Aliona', 'HO6143', NULL, '2019-02-14'),
(55, 2, 9, 1, '2019-02-13 11:58:23', 'Chris', 'A14833', NULL, '2019-02-14'),
(56, 2, 6, 1, '2019-02-13 12:00:02', 'Louise', 'D10965', NULL, '2019-02-14'),
(57, 2, 4, 1, '2019-02-13 12:10:06', 'Joes', 'JOES', NULL, '2019-02-14'),
(58, 2, 2, 1, '2019-02-13 12:13:02', 'Joes', 'JOES', NULL, '2019-02-14'),
(59, 2, 3, 1, '2019-02-13 12:14:23', 'Joes', 'JOES', NULL, '2019-02-14'),
(60, 2, 1, 1, '2019-02-13 12:16:42', 'Joes', 'JOES', NULL, '2019-02-14'),
(61, 2, 12, 1, '2019-02-14 11:51:55', 'Dubray', 'DUBRAY', NULL, '2019-02-15'),
(62, 2, 8, 1, '2019-02-14 11:53:13', 'Fernanda', 'LV2099', NULL, '2019-02-15'),
(63, 2, 5, 1, '2019-02-14 11:55:01', 'Marijana', 'S8974', NULL, '2019-02-15'),
(64, 2, 10, 1, '2019-02-14 11:57:44', 'Ginta', 'AT6865', NULL, '2019-02-15'),
(65, 2, 6, 1, '2019-02-14 11:59:04', 'Veronica', 'D10968', NULL, '2019-02-15'),
(66, 2, 7, 1, '2019-02-14 12:00:23', 'Luma', 'B8521', NULL, '2019-02-15'),
(67, 2, 9, 1, '2019-02-14 12:02:15', 'Shahin', 'A14848', NULL, '2019-02-15'),
(68, 2, 3, 1, '2019-02-15 11:58:34', 'Joes', 'JOES', NULL, '2019-02-16'),
(69, 2, 4, 1, '2019-02-15 12:00:07', 'Joes', 'JOES', NULL, '2019-02-16'),
(70, 2, 10, 1, '2019-02-15 12:03:37', 'Helena', 'AT6866', NULL, '2019-02-16'),
(71, 2, 8, 1, '2019-02-15 12:04:51', 'Inesa', 'LV2104', NULL, '2019-02-16'),
(72, 2, 6, 1, '2019-02-15 12:06:02', 'Veronica', 'D10973', NULL, '2019-02-16'),
(73, 2, 9, 1, '2019-02-15 12:07:59', 'Mehedi', 'A14859', NULL, '2019-02-16'),
(74, 2, 5, 1, '2019-02-15 12:09:50', 'Daniel', 'S8975', NULL, '2019-02-16'),
(75, 2, 1, 1, '2019-02-15 12:12:40', 'Joes', 'JOES', NULL, '2019-02-16'),
(76, 2, 7, 1, '2019-02-15 13:44:48', 'Thomas', 'B8523', NULL, '2019-02-16'),
(77, 2, 10, 1, '2019-02-16 12:14:11', 'HELENA', 'AT 6867', NULL, '2019-02-17'),
(78, 2, 5, 1, '2019-02-16 12:15:48', 'ORINTA', 'S8980', NULL, '2019-02-17'),
(79, 2, 6, 1, '2019-02-16 12:17:11', 'VERONICA', 'D10975', NULL, '2019-02-17'),
(80, 2, 9, 1, '2019-02-16 12:18:53', 'SHAHIN', 'A14860', NULL, '2019-02-17'),
(81, 2, 4, 1, '2019-02-17 09:04:08', 'Joes', 'JOES', NULL, '2019-02-18'),
(82, 2, 11, 1, '2019-02-17 09:06:45', 'Aliona', 'HO6147', NULL, '2019-02-18'),
(83, 2, 2, 1, '2019-02-17 09:09:17', 'joes', 'JOES', NULL, '2019-02-18'),
(84, 2, 3, 1, '2019-02-17 09:11:26', 'joes', 'JOES', NULL, '2019-02-18'),
(85, 2, 1, 1, '2019-02-17 09:13:30', 'joes', 'JOES', NULL, '2019-02-18'),
(86, 2, 12, 1, '2019-02-17 09:14:59', 'dubray', 'DUBRAY', NULL, '2019-02-18'),
(87, 2, 5, 1, '2019-02-17 09:17:12', 'Marijana', 'S8981', NULL, '2019-02-18'),
(88, 2, 10, 1, '2019-02-17 09:18:54', 'Tomisalv', 'AT6885', NULL, '2019-02-18'),
(89, 2, 8, 1, '2019-02-17 09:20:10', 'Fernanda', 'LV2106', NULL, '2019-02-18'),
(90, 2, 6, 1, '2019-02-17 11:34:44', 'Jana', 'D10976', NULL, '2019-02-18'),
(91, 2, 9, 1, '2019-02-17 11:36:43', 'Mehedi', 'A14861', NULL, '2019-02-18'),
(92, 2, 7, 1, '2019-02-17 11:37:36', 'Liliana', 'B8525', NULL, '2019-02-18'),
(93, 2, 9, 1, '2019-02-18 11:26:06', 'Mehedi', 'A14871', NULL, '2019-02-19'),
(94, 2, 10, 1, '2019-02-18 11:28:34', 'Helena', 'AT6886', NULL, '2019-02-19'),
(95, 2, 11, 1, '2019-02-18 11:32:13', 'Ugne', 'HO6151', NULL, '2019-02-19'),
(96, 2, 6, 1, '2019-02-18 11:33:44', 'Veronica', 'D10984', NULL, '2019-02-19'),
(97, 2, 1, 1, '2019-02-18 11:35:45', 'joes', 'JOES', NULL, '2019-02-19'),
(98, 2, 4, 1, '2019-02-18 11:37:02', 'joes', 'JOES', NULL, '2019-02-19'),
(99, 2, 3, 1, '2019-02-18 11:38:53', 'joes', 'JOES', NULL, '2019-02-19'),
(100, 2, 2, 1, '2019-02-18 11:40:33', 'joes', 'JOES', NULL, '2019-02-19'),
(101, 2, 5, 1, '2019-02-18 11:47:44', 'MARIJANA', 'S9000', NULL, '2019-02-19'),
(102, 2, 5, 1, '2019-02-19 10:43:00', 'Daniel', 'S9007', NULL, '2019-02-20'),
(103, 2, 8, 1, '2019-02-19 10:44:08', 'Inesa', 'LV2112', NULL, '2019-02-20'),
(104, 2, 10, 1, '2019-02-19 10:45:44', 'Mirela', 'AT6887', NULL, '2019-02-20'),
(105, 2, 7, 1, '2019-02-19 10:47:12', 'Luma', 'B8535', NULL, '2019-02-20'),
(106, 2, 9, 1, '2019-02-19 10:48:56', 'Chris', 'A14875', NULL, '2019-02-20'),
(107, 2, 12, 1, '2019-02-19 10:49:57', 'Dubray', 'DUBRAY', NULL, '2019-02-20'),
(108, 2, 6, 1, '2019-02-19 11:03:57', 'JANA', 'D10986', NULL, '2019-02-20'),
(109, 2, 5, 1, '2019-02-20 11:00:12', 'Orinta', 'S9010', NULL, '2019-02-21'),
(110, 2, 11, 1, '2019-02-20 11:03:09', 'Ugne', 'HO', NULL, '2019-02-21'),
(111, 2, 3, 1, '2019-02-20 11:07:49', 'joes', 'JOES', NULL, '2019-02-21'),
(112, 2, 6, 1, '2019-02-20 11:10:36', 'jana', 'D10991', NULL, '2019-02-21'),
(113, 2, 9, 1, '2019-02-20 11:13:01', 'Shahin', 'A14885', NULL, '2019-02-21'),
(114, 2, 4, 1, '2019-02-20 11:16:21', 'joes', 'JOES', NULL, '2019-02-21'),
(115, 2, 2, 1, '2019-02-20 11:31:18', 'JOES', 'JOES', NULL, '2019-02-21'),
(116, 2, 10, 1, '2019-02-20 11:34:07', 'HELENA', 'AT6888', NULL, '2019-02-21'),
(117, 2, 1, 1, '2019-02-20 12:08:59', 'JOES', 'JOES', NULL, '2019-02-21'),
(118, 2, 5, 1, '2019-02-21 11:07:31', 'Orinta', 'S9013', NULL, '2019-02-22'),
(119, 2, 10, 1, '2019-02-21 11:10:22', 'Tomislav', '6889', NULL, '2019-02-22'),
(120, 2, 8, 1, '2019-02-21 11:11:55', 'Inesa', 'LV2112', NULL, '2019-02-22'),
(121, 2, 9, 1, '2019-02-21 11:15:15', 'Shahin', 'A14890', NULL, '2019-02-22'),
(122, 2, 12, 1, '2019-02-21 11:22:47', 'dubray', 'DUBRAY', NULL, '2019-02-22'),
(123, 2, 7, 1, '2019-02-21 11:36:38', 'THOMAS', 'B8538', NULL, '2019-02-22'),
(124, 2, 6, 1, '2019-02-21 11:38:13', 'JANA', 'D10993', NULL, '2019-02-22'),
(125, 2, 8, 1, '2019-02-22 18:39:58', 'Anna', 'LV2123', NULL, '2019-02-23'),
(126, 2, 6, 1, '2019-02-22 18:41:10', 'Jana', 'D10998', NULL, '2019-02-23'),
(127, 2, 5, 1, '2019-02-22 18:43:21', 'Marijana', 'S9017', NULL, '2019-02-23'),
(128, 2, 7, 1, '2019-02-22 18:44:15', 'Liliana', 'B8540', NULL, '2019-02-23'),
(129, 2, 10, 1, '2019-02-22 18:45:34', 'Ginta', 'AT6890', NULL, '2019-02-23'),
(130, 2, 9, 1, '2019-02-22 18:46:47', 'Dovile', 'A14899', NULL, '2019-02-23'),
(131, 2, 10, 1, '2019-02-23 09:21:38', 'TOMISLAV', '6891', NULL, '2019-02-24'),
(132, 2, 5, 1, '2019-02-23 09:23:10', 'Daniel', 'S9019', NULL, '2019-02-24'),
(133, 2, 6, 1, '2019-02-23 12:09:26', 'Veronica', 'D10999', NULL, '2019-02-24'),
(134, 2, 9, 1, '2019-02-23 12:11:11', 'Chris', 'A14900', NULL, '2019-02-24'),
(135, 2, 4, 1, '2019-02-24 09:20:14', 'joes', 'JOES', NULL, '2019-02-25'),
(136, 2, 2, 1, '2019-02-24 09:23:21', 'joes', 'JOES', NULL, '2019-02-25'),
(137, 2, 11, 1, '2019-02-24 09:25:15', 'Ugne', 'HO6155', NULL, '2019-02-25'),
(138, 2, 7, 1, '2019-02-24 09:26:53', 'Liliana', 'B8543', NULL, '2019-02-25'),
(139, 2, 5, 1, '2019-02-24 09:28:31', 'Orinta', 'S9021', NULL, '2019-02-25'),
(140, 2, 1, 1, '2019-02-24 09:30:22', 'joes', 'JOES', NULL, '2019-02-25'),
(141, 2, 3, 1, '2019-02-24 09:32:08', 'joes', 'JOES', NULL, '2019-02-25'),
(142, 2, 8, 1, '2019-02-24 09:36:31', 'Anna', 'LV2125', NULL, '2019-02-25'),
(143, 2, 9, 1, '2019-02-24 11:39:18', 'MEHEDI', 'A14901', NULL, '2019-02-25'),
(144, 2, 10, 1, '2019-02-24 11:41:08', 'MIRELA', 'AT 6908', NULL, '2019-02-25'),
(145, 2, 6, 1, '2019-02-24 11:42:16', 'JANA', 'D11001', NULL, '2019-02-25'),
(146, 2, 12, 1, '2019-02-24 11:43:16', 'DUBRAY', 'DUBRAY', NULL, '2019-02-25'),
(147, 2, 4, 1, '2019-02-25 10:52:51', 'joes', 'JOES', NULL, '2019-02-26'),
(148, 2, 1, 1, '2019-02-25 10:54:35', 'joes', 'JOES', NULL, '2019-02-26'),
(149, 2, 3, 1, '2019-02-25 10:55:39', 'joes', 'JOES', NULL, '2019-02-26'),
(157, 2, 6, 1, '2019-02-26 11:01:35', 'Louise', '11005', NULL, '2019-02-27'),
(151, 2, 11, 1, '2019-02-25 11:05:48', 'aliona', 'HO6161', NULL, '2019-02-26'),
(152, 2, 10, 1, '2019-02-25 11:08:30', 'Mirela', 'AT6909', NULL, '2019-02-26'),
(153, 2, 5, 1, '2019-02-25 11:10:28', 'Orinta', 'S9025', NULL, '2019-02-26'),
(154, 2, 9, 1, '2019-02-25 11:12:45', 'zoran', 'A14906', NULL, '2019-02-26'),
(155, 2, 6, 1, '2019-02-25 11:17:57', 'jana', '11005', NULL, '2019-02-26'),
(156, 2, 2, 1, '2019-02-25 11:21:40', 'joes', 'JOES', NULL, '2019-02-26'),
(158, 2, 7, 1, '2019-02-26 11:03:09', 'Luma', 'B8548', NULL, '2019-02-27'),
(159, 2, 10, 1, '2019-02-26 11:05:12', 'Helena', 'AT6910', NULL, '2019-02-27'),
(160, 2, 8, 1, '2019-02-26 11:06:33', 'Inesa', 'LV2132', NULL, '2019-02-27'),
(161, 2, 9, 1, '2019-02-26 11:08:16', 'Chris', 'A14914', NULL, '2019-02-27'),
(162, 2, 5, 1, '2019-02-26 11:09:52', 'Orinta', 'S9028', NULL, '2019-02-27'),
(163, 2, 12, 1, '2019-02-26 11:10:44', 'Dubray', 'DUBRAY', NULL, '2019-02-27'),
(164, 2, 2, 1, '2019-02-27 10:53:31', 'joes', 'JOES', NULL, '2019-02-28'),
(165, 2, 4, 1, '2019-02-27 10:54:51', 'joes', 'JOES', NULL, '2019-02-28'),
(166, 2, 1, 1, '2019-02-27 10:56:55', 'joes', 'JOES', NULL, '2019-02-28'),
(167, 2, 11, 1, '2019-02-27 10:59:06', 'Ugne', 'HO6166', NULL, '2019-02-28'),
(168, 2, 5, 1, '2019-02-27 11:00:52', 'Marijana', 'S9033', NULL, '2019-02-28'),
(169, 2, 10, 1, '2019-02-27 11:02:53', 'Tomislav', '6911', NULL, '2019-02-28'),
(170, 2, 6, 1, '2019-02-27 11:04:33', 'Louise', '11014', NULL, '2019-02-28'),
(171, 2, 9, 1, '2019-02-27 11:06:29', 'Dovile', 'A14923', NULL, '2019-02-28'),
(172, 2, 3, 1, '2019-02-27 12:10:50', 'JOES', 'JOES', NULL, '2019-02-28'),
(173, 2, 5, 1, '2019-02-28 10:58:45', 'Daniel', 'S9035', NULL, '2019-03-01'),
(174, 2, 8, 1, '2019-02-28 11:00:42', 'Inesa', 'LV2137', NULL, '2019-03-01'),
(175, 2, 10, 1, '2019-02-28 11:03:15', 'Tomislav', 'AT6913', NULL, '2019-03-01'),
(176, 2, 7, 1, '2019-02-28 11:04:43', 'Thomas', 'B8556', NULL, '2019-03-01'),
(177, 2, 9, 1, '2019-02-28 11:06:46', 'Zoran', 'A14928', NULL, '2019-03-01'),
(178, 2, 6, 1, '2019-02-28 11:08:32', 'Jana', 'D11017', NULL, '2019-03-01'),
(179, 2, 12, 1, '2019-02-28 11:11:05', 'dubray', 'DUBRAY', NULL, '2019-03-01'),
(180, 2, 3, 1, '2019-03-01 11:19:25', 'JOES', 'JOES', NULL, '2019-03-02'),
(181, 2, 4, 1, '2019-03-01 11:19:50', 'JOES', 'JOES', NULL, '2019-03-02'),
(182, 2, 1, 1, '2019-03-01 11:21:07', 'JOES', 'JOES', NULL, '2019-03-02'),
(183, 2, 5, 1, '2019-03-01 11:22:11', 'Daniel', 'S9041', NULL, '2019-03-02'),
(184, 2, 10, 1, '2019-03-01 11:25:16', 'Ginta', 'AT6913', NULL, '2019-03-02'),
(185, 2, 8, 1, '2019-03-01 11:26:20', 'Anna', 'LV2140', NULL, '2019-03-02'),
(186, 2, 6, 1, '2019-03-01 11:27:37', 'Veronica', 'D11022', NULL, '2019-03-02'),
(187, 2, 9, 1, '2019-03-01 11:30:58', 'Zoran', 'A14936', NULL, '2019-03-02'),
(188, 2, 7, 1, '2019-03-01 11:31:59', 'Thomas', 'B8558', NULL, '2019-03-02'),
(189, 2, 5, 1, '2019-03-02 11:22:18', 'Daniel', 'S9044', NULL, '2019-03-03'),
(190, 2, 9, 1, '2019-03-02 11:23:55', 'Shahin', 'A14937', NULL, '2019-03-03'),
(191, 2, 6, 1, '2019-03-02 11:24:55', 'Jana', 'D11023', NULL, '2019-03-03'),
(192, 2, 10, 1, '2019-03-02 11:27:58', 'Mirela', 'AT 6914', NULL, '2019-03-03'),
(193, 2, 4, 1, '2019-03-03 09:08:23', 'Hanka', 'JOES', NULL, '2019-03-04'),
(194, 2, 2, 1, '2019-03-03 09:10:19', 'Michele', 'JOES', NULL, '2019-03-04'),
(195, 2, 1, 1, '2019-03-03 09:13:00', 'Joes', 'JOES', NULL, '2019-03-04'),
(196, 2, 12, 1, '2019-03-03 09:14:09', 'Dubray', 'DUBRAY', NULL, '2019-03-04'),
(197, 2, 11, 1, '2019-03-03 09:16:10', 'Aliona', 'HO6169', NULL, '2019-03-04'),
(198, 2, 3, 1, '2019-03-03 09:18:08', 'Joes', 'JOES', NULL, '2019-03-04'),
(199, 2, 10, 1, '2019-03-03 11:08:09', 'MIRELA', 'AT 6930', NULL, '2019-03-04'),
(200, 2, 8, 1, '2019-03-03 11:09:51', 'ANNA', 'LV2142', NULL, '2019-03-04'),
(201, 2, 7, 1, '2019-03-03 11:10:36', 'LUMA', 'B8560', NULL, '2019-03-04'),
(202, 2, 9, 1, '2019-03-03 11:12:21', 'MEHEDI', 'A14938', NULL, '2019-03-04'),
(203, 2, 6, 1, '2019-03-03 11:13:29', 'LOUISE', 'D11024', NULL, '2019-03-04'),
(204, 2, 5, 1, '2019-03-03 11:14:38', 'MARIJANA', 'S9045', NULL, '2019-03-04'),
(205, 2, 4, 1, '2019-03-04 11:13:05', 'joes', 'JOES', NULL, '2019-03-05'),
(206, 2, 2, 1, '2019-03-04 11:14:08', 'joes', 'JOES', NULL, '2019-03-05'),
(207, 2, 5, 1, '2019-03-04 11:15:55', 'Orinta', 'S9048', NULL, '2019-03-05'),
(208, 2, 1, 1, '2019-03-04 11:17:51', 'joes', 'JOES', NULL, '2019-03-05'),
(209, 2, 11, 1, '2019-03-04 11:19:49', 'Ugne', 'HO6172', NULL, '2019-03-05'),
(210, 2, 10, 1, '2019-03-04 11:21:57', 'Helena', 'AT 6931', NULL, '2019-03-05'),
(211, 2, 3, 1, '2019-03-04 11:23:40', 'Joes', 'JOES', NULL, '2019-03-05'),
(212, 2, 9, 1, '2019-03-04 11:25:27', 'Shahin', 'A14946', NULL, '2019-03-05'),
(213, 2, 6, 1, '2019-03-04 11:37:08', 'LOUISE', 'D11032', NULL, '2019-03-05'),
(214, 2, 5, 1, '2019-03-05 11:06:33', 'Marijana', 'S9055', NULL, '2019-03-06'),
(215, 2, 7, 1, '2019-03-05 11:11:56', 'Thomas', 'B8567', NULL, '2019-03-06'),
(216, 2, 9, 1, '2019-03-05 11:14:29', 'Shahin', 'A14953', NULL, '2019-03-06'),
(217, 2, 6, 1, '2019-03-05 11:15:54', 'Jana', 'D11033', NULL, '2019-03-06'),
(218, 2, 8, 1, '2019-03-05 11:17:16', 'Anna', 'LV21', NULL, '2019-03-06'),
(219, 2, 10, 1, '2019-03-05 11:18:42', 'Helena', 'AT 6932', NULL, '2019-03-06'),
(220, 2, 12, 1, '2019-03-05 11:20:02', 'Dubray', 'DUBRAY', NULL, '2019-03-06'),
(221, 2, 2, 1, '2019-03-06 10:57:33', 'Michele', 'JOES', NULL, '2019-03-07'),
(222, 2, 3, 1, '2019-03-06 10:59:16', 'Joes', 'JOES', NULL, '2019-03-07'),
(223, 2, 4, 1, '2019-03-06 11:01:38', 'Michele', 'JOES', NULL, '2019-03-07'),
(224, 2, 1, 1, '2019-03-06 11:03:11', 'Joes', 'JOES', NULL, '2019-03-07'),
(225, 2, 10, 1, '2019-03-06 11:04:48', 'Ginta', 'AT6933', NULL, '2019-03-07'),
(226, 2, 5, 1, '2019-03-06 11:06:30', 'Marijana', 'S9059', NULL, '2019-03-07'),
(227, 2, 11, 1, '2019-03-06 11:07:59', 'Aliona', 'HO6175', NULL, '2019-03-07'),
(228, 2, 6, 1, '2019-03-06 11:09:26', 'Louise', 'D11036', NULL, '2019-03-07'),
(229, 2, 9, 1, '2019-03-06 11:11:13', 'Dovile', 'A14961', NULL, '2019-03-07'),
(230, 2, 8, 1, '2019-03-07 10:53:42', 'FERNANDA', 'LV2154', NULL, '2019-03-08'),
(231, 2, 10, 1, '2019-03-07 10:55:19', 'GINTA', 'AT6934', NULL, '2019-03-08'),
(232, 2, 6, 1, '2019-03-07 10:58:28', 'VERONICA', 'D11038', NULL, '2019-03-08'),
(233, 2, 7, 1, '2019-03-07 10:59:18', 'THOMAS', 'B8570', NULL, '2019-03-08'),
(234, 2, 9, 1, '2019-03-07 11:01:34', 'DOVILE', 'A14965', NULL, '2019-03-08'),
(235, 2, 5, 1, '2019-03-07 11:02:41', 'DANIEL', 'S9061', NULL, '2019-03-08'),
(236, 2, 12, 1, '2019-03-07 11:29:49', 'DUBRAY', 'DUBRAY', NULL, '2019-03-08'),
(237, 2, 3, 1, '2019-03-08 11:10:47', 'Joes', 'JOES', NULL, '2019-03-09'),
(238, 2, 4, 1, '2019-03-08 11:11:09', 'Hanka', 'JOES', NULL, '2019-03-09'),
(239, 2, 1, 1, '2019-03-08 11:12:25', 'Jinny', 'JOES', NULL, '2019-03-09'),
(240, 2, 5, 1, '2019-03-08 11:15:22', 'Orinta', 'S9065', NULL, '2019-03-09'),
(241, 2, 7, 1, '2019-03-08 11:16:51', 'Thomas', 'B8574', NULL, '2019-03-09'),
(242, 2, 10, 1, '2019-03-08 11:19:01', 'Mirela', 'AT 6935', NULL, '2019-03-09'),
(243, 2, 8, 1, '2019-03-08 11:20:17', 'Inesa', 'LV 2160', NULL, '2019-03-09'),
(244, 2, 9, 1, '2019-03-08 11:21:54', 'Dovile', 'A14975', NULL, '2019-03-09'),
(245, 2, 6, 1, '2019-03-08 12:33:13', 'Veronica', 'D11043', NULL, '2019-03-09'),
(246, 2, 9, 1, '2019-03-09 13:48:43', 'Shahin', 'A14977', NULL, '2019-03-10'),
(247, 2, 10, 1, '2019-03-09 13:50:31', 'Tomislav', 'AT6936', NULL, '2019-03-10'),
(248, 2, 6, 1, '2019-03-09 13:51:31', 'LOUISE', 'D11044', NULL, '2019-03-10'),
(249, 2, 5, 1, '2019-03-09 13:52:26', 'DANIEL', 'S9068', NULL, '2019-03-10'),
(250, 2, 2, 1, '2019-03-10 09:06:15', 'Michele', 'JOES', NULL, '2019-03-11'),
(251, 2, 4, 1, '2019-03-10 09:09:08', 'Alex', 'JOES', NULL, '2019-03-11'),
(252, 2, 3, 1, '2019-03-10 09:25:10', 'Joes', 'JOES', NULL, '2019-03-11'),
(253, 2, 1, 1, '2019-03-10 09:37:48', 'Joes', 'JOES', NULL, '2019-03-11'),
(254, 2, 11, 1, '2019-03-10 10:53:02', 'ALIONA', 'HO6181', NULL, '2019-03-11'),
(255, 2, 7, 1, '2019-03-10 10:53:44', 'LUMA', 'B8576', NULL, '2019-03-11'),
(256, 2, 6, 1, '2019-03-10 10:54:52', 'LOUISE', 'D11045', NULL, '2019-03-11'),
(257, 2, 8, 1, '2019-03-10 10:55:57', 'INESA', 'LV 2162', NULL, '2019-03-11'),
(258, 2, 9, 1, '2019-03-10 10:57:30', 'MEHEDI', 'A14978', NULL, '2019-03-11'),
(259, 2, 5, 1, '2019-03-10 10:58:37', 'MARIJANA', 'S9069', NULL, '2019-03-11'),
(260, 2, 10, 1, '2019-03-10 11:00:00', 'TOMISLAV', 'AT6953', NULL, '2019-03-11'),
(261, 2, 12, 1, '2019-03-10 11:02:59', 'DUBRAY', 'DUBRAY', NULL, '2019-03-11'),
(262, 2, 3, 1, '2019-03-11 11:12:33', 'joes', 'JOES', NULL, '2019-03-12'),
(263, 2, 1, 1, '2019-03-11 11:13:54', 'joes', 'JOES', NULL, '2019-03-12'),
(264, 2, 6, 1, '2019-03-11 11:21:40', 'Veronica', 'D11051', NULL, '2019-03-12'),
(265, 2, 9, 1, '2019-03-11 11:23:18', 'Shahin', 'A14989', NULL, '2019-03-12'),
(266, 2, 10, 1, '2019-03-11 11:25:02', 'Mirela', 'AT 6954', NULL, '2019-03-12'),
(267, 2, 5, 1, '2019-03-11 11:26:25', 'Marijana', 'S9070', NULL, '2019-03-12'),
(268, 2, 11, 1, '2019-03-11 11:28:21', 'Ugne', 'HO6184', NULL, '2019-03-12'),
(269, 2, 2, 1, '2019-03-11 11:30:24', 'Michele', 'JOES', NULL, '2019-03-12'),
(270, 2, 4, 1, '2019-03-11 11:36:18', 'Hanka', 'JOES', NULL, '2019-03-12'),
(271, 2, 12, 1, '2019-03-12 11:06:22', 'Dubray', 'DUBRAY', NULL, '2019-03-13'),
(272, 2, 7, 1, '2019-03-12 11:08:09', 'Liliana', 'B8580', NULL, '2019-03-13'),
(273, 2, 10, 1, '2019-03-12 11:09:36', 'Helena', 'AT6955', NULL, '2019-03-13'),
(274, 2, 8, 1, '2019-03-12 11:10:41', 'Fernanda', 'LV 2162', NULL, '2019-03-13'),
(275, 2, 5, 1, '2019-03-12 11:11:53', 'Marijana', 'S9077', NULL, '2019-03-13'),
(276, 2, 9, 1, '2019-03-12 11:13:48', 'Chris', 'A14989', NULL, '2019-03-13'),
(277, 2, 6, 1, '2019-03-12 11:17:59', 'Veronica', 'D11052', NULL, '2019-03-13'),
(278, 2, 5, 1, '2019-03-13 10:53:05', 'Daniel', 'S9081', NULL, '2019-03-14'),
(279, 2, 11, 1, '2019-03-13 10:54:58', 'Ugne', 'HO6188', NULL, '2019-03-14'),
(280, 2, 10, 1, '2019-03-13 10:57:02', 'Mirela', 'AT 6956', NULL, '2019-03-14'),
(281, 2, 9, 1, '2019-03-13 10:59:17', 'Chris', 'A15002', NULL, '2019-03-14'),
(282, 2, 4, 1, '2019-03-13 11:01:21', 'Michele', 'JOES', NULL, '2019-03-14'),
(283, 2, 1, 1, '2019-03-13 11:02:54', 'Joes', 'JOES', NULL, '2019-03-14'),
(284, 2, 2, 1, '2019-03-13 11:04:22', 'Michele', 'JOES', NULL, '2019-03-14'),
(285, 2, 3, 1, '2019-03-13 11:11:27', 'Joes', 'JOES', NULL, '2019-03-14'),
(286, 2, 6, 1, '2019-03-13 13:08:46', 'Jana', 'D11060', NULL, '2019-03-14'),
(287, 2, 7, 1, '2019-03-14 11:23:32', 'THOMAS', 'B8585', NULL, '2019-03-15'),
(288, 2, 8, 1, '2019-03-14 11:24:41', 'INESA', 'LV2173', NULL, '2019-03-15'),
(289, 2, 9, 1, '2019-03-14 11:26:24', 'SHAHIN', 'A15011', NULL, '2019-03-15'),
(290, 2, 10, 1, '2019-03-14 11:27:47', 'MIRELA', 'AT6957', NULL, '2019-03-15'),
(291, 2, 5, 1, '2019-03-14 11:29:11', 'DANIEL', 'S9084', NULL, '2019-03-15'),
(292, 2, 6, 1, '2019-03-14 11:30:12', 'LOUISE', 'D11061', NULL, '2019-03-15'),
(293, 2, 12, 1, '2019-03-14 11:31:09', 'DUBRAY', 'DUBRAY', NULL, '2019-03-15'),
(294, 2, 4, 1, '2019-03-15 11:25:10', 'Hanka', 'JOES', NULL, '2019-03-16'),
(295, 2, 1, 1, '2019-03-15 11:27:08', 'Jinny', 'JOES', NULL, '2019-03-16'),
(296, 2, 3, 1, '2019-03-15 11:29:07', 'Joes', 'JOES', NULL, '2019-03-16'),
(297, 2, 5, 1, '2019-03-15 11:32:20', 'Daniel', 'S9087', NULL, '2019-03-16'),
(298, 2, 8, 1, '2019-03-15 11:34:08', 'Inesa', 'LV2181', NULL, '2019-03-16'),
(299, 2, 9, 1, '2019-03-15 11:35:43', 'Shahin', 'A15025', NULL, '2019-03-16'),
(300, 2, 10, 1, '2019-03-15 11:37:21', 'Helena', 'AT6958', NULL, '2019-03-16'),
(301, 2, 6, 1, '2019-03-15 11:38:49', 'Louise', 'D11066', NULL, '2019-03-16'),
(302, 2, 7, 1, '2019-03-15 11:39:44', 'Thomas', 'B8590', NULL, '2019-03-16'),
(303, 2, 9, 1, '2019-03-16 10:33:22', 'Chris', 'A15026', NULL, '2019-03-17'),
(304, 2, 5, 1, '2019-03-16 10:34:38', 'Daniel', 'S9091', NULL, '2019-03-17'),
(305, 2, 10, 1, '2019-03-16 10:36:08', 'Ginta', 'AT6959', NULL, '2019-03-17'),
(306, 2, 6, 1, '2019-03-16 11:06:37', 'Louise', 'D11067', NULL, '2019-03-17'),
(307, 2, 1, 1, '2019-03-17 07:24:35', 'Jinny', 'JOES', NULL, '2019-03-18'),
(308, 2, 3, 1, '2019-03-17 10:05:29', 'joes', 'JOES', NULL, '2019-03-18'),
(309, 2, 5, 1, '2019-03-17 10:06:41', 'Marijana', 'S9092', NULL, '2019-03-18'),
(310, 2, 10, 1, '2019-03-17 10:09:05', 'Ginta', 'AT6976', NULL, '2019-03-18'),
(311, 2, 8, 1, '2019-03-17 10:10:25', 'Anna', 'LV2183', NULL, '2019-03-18'),
(312, 2, 6, 1, '2019-03-17 10:23:46', 'Jana', 'D11068', NULL, '2019-03-18'),
(313, 2, 9, 1, '2019-03-17 10:30:25', 'Mehedi', 'A15027', NULL, '2019-03-18'),
(314, 2, 7, 1, '2019-03-17 11:24:23', 'Luma', 'B8592', NULL, '2019-03-18'),
(315, 2, 10, 1, '2019-03-18 11:14:50', 'Mirela', 'AT6977', NULL, '2019-03-19'),
(316, 2, 5, 1, '2019-03-18 11:16:27', 'Marijana', 'S9093', NULL, '2019-03-19'),
(317, 2, 11, 1, '2019-03-18 11:18:52', 'Aliona', 'HO6190', NULL, '2019-03-19'),
(318, 2, 6, 1, '2019-03-18 11:21:16', 'Veronica', 'D11069', NULL, '2019-03-19'),
(319, 2, 9, 1, '2019-03-18 11:23:32', 'Shahin', 'A15028', NULL, '2019-03-19'),
(320, 2, 1, 1, '2019-03-18 11:33:48', 'jinny', 'JOES', NULL, '2019-03-19'),
(321, 2, 3, 1, '2019-03-18 11:35:12', 'Joes', 'JOES', NULL, '2019-03-19'),
(322, 2, 4, 1, '2019-03-18 11:36:44', 'Hanka', 'JOES', NULL, '2019-03-19'),
(323, 2, 2, 1, '2019-03-18 11:38:25', 'Hanka', 'JOES', NULL, '2019-03-19'),
(324, 2, 12, 1, '2019-03-18 16:43:30', 'Dubray', 'DUBRAY', NULL, '2019-03-19'),
(325, 2, 9, 1, '2019-03-19 18:25:34', 'ZORAN', 'A15031', NULL, '2019-03-20'),
(326, 2, 10, 1, '2019-03-19 18:27:19', 'GINTA', 'AT6978', NULL, '2019-03-20'),
(327, 2, 7, 1, '2019-03-19 18:28:05', 'THOMAS', 'B8595', NULL, '2019-03-20'),
(328, 2, 6, 1, '2019-03-19 18:29:05', 'JANA', 'D11073', NULL, '2019-03-20'),
(329, 2, 8, 1, '2019-03-19 18:30:00', 'INESA', 'LV2184', NULL, '2019-03-20'),
(330, 2, 5, 1, '2019-03-19 18:30:57', 'DANIEL', 'S9098', NULL, '2019-03-20'),
(331, 2, 12, 1, '2019-03-19 18:31:39', 'DUBRAY', 'DUBRAY', NULL, '2019-03-20'),
(332, 2, 4, 1, '2019-03-20 10:55:48', 'Hanka', 'JOES', NULL, '2019-03-21'),
(333, 2, 2, 1, '2019-03-20 10:56:44', 'joes', 'JOES', NULL, '2019-03-21'),
(334, 2, 1, 1, '2019-03-20 10:59:48', 'joes', 'JOES', NULL, '2019-03-21'),
(335, 2, 11, 1, '2019-03-20 11:02:48', 'Ugne', 'HO6199', NULL, '2019-03-21'),
(336, 2, 5, 1, '2019-03-20 11:04:23', 'Daniel', 'S9101', NULL, '2019-03-21'),
(337, 2, 10, 1, '2019-03-20 11:06:28', 'Mirela', 'AT 6979', NULL, '2019-03-21'),
(338, 2, 3, 1, '2019-03-20 11:09:21', 'joes', 'JOES', NULL, '2019-03-21'),
(339, 2, 9, 1, '2019-03-20 11:11:40', 'Shahin', 'A15037', NULL, '2019-03-21'),
(340, 2, 6, 1, '2019-03-20 11:13:10', 'Louise', 'D11080', NULL, '2019-03-21'),
(341, 2, 8, 1, '2019-03-21 10:54:09', 'Anna', 'LV2191', NULL, '2019-03-22'),
(342, 2, 5, 1, '2019-03-21 10:55:57', 'Daniel', 'S9104', NULL, '2019-03-22'),
(343, 2, 7, 1, '2019-03-21 10:57:11', 'Andreja', 'B8603', NULL, '2019-03-22'),
(344, 2, 10, 1, '2019-03-21 10:59:26', 'Tomislav', 'AT6981', NULL, '2019-03-22'),
(345, 2, 6, 1, '2019-03-21 11:01:41', 'Veronica', 'D11082', NULL, '2019-03-22'),
(346, 2, 9, 1, '2019-03-21 11:05:06', 'Shahin', 'A15044', NULL, '2019-03-22'),
(347, 2, 12, 1, '2019-03-21 11:07:36', 'dubray', 'DUBRAY', NULL, '2019-03-22'),
(348, 2, 5, 1, '2019-03-22 11:12:22', 'Daniel', 'S9107', NULL, '2019-03-23'),
(349, 2, 8, 1, '2019-03-22 11:13:46', 'Inesa', 'LV2198', NULL, '2019-03-23'),
(350, 2, 10, 1, '2019-03-22 11:18:11', 'Mirela', 'AT6981', NULL, '2019-03-23'),
(351, 2, 6, 1, '2019-03-22 11:20:29', 'Jana', 'D11087', NULL, '2019-03-23'),
(352, 2, 9, 1, '2019-03-22 11:23:22', 'shahin', 'A15053', NULL, '2019-03-23'),
(353, 2, 7, 1, '2019-03-22 11:24:42', 'Thomas', 'B8605', NULL, '2019-03-23'),
(354, 2, 3, 1, '2019-03-22 11:34:52', 'Joes', 'JOES', NULL, '2019-03-23'),
(355, 2, 1, 1, '2019-03-22 11:37:18', 'Joes', 'JOES', NULL, '2019-03-23'),
(356, 2, 4, 1, '2019-03-22 11:38:21', 'Joes', 'JOES', NULL, '2019-03-23'),
(357, 2, 5, 1, '2019-03-23 09:14:51', 'Marijana', 'S9110', NULL, '2019-03-24'),
(358, 2, 10, 1, '2019-03-23 09:17:35', 'Mirela', 'AT 6981', NULL, '2019-03-24'),
(359, 2, 9, 1, '2019-03-23 10:23:22', 'Chris', 'A15054', NULL, '2019-03-24'),
(360, 2, 6, 1, '2019-03-23 12:12:12', 'Louise', 'D11088', NULL, '2019-03-24'),
(361, 2, 1, 1, '2019-03-24 09:14:45', 'Joes', 'JOES', NULL, '2019-03-25'),
(362, 2, 2, 1, '2019-03-24 09:21:47', 'Hanka', 'JOES', NULL, '2019-03-25'),
(363, 2, 4, 1, '2019-03-24 09:25:05', 'Hanka', 'JOES', NULL, '2019-03-25'),
(364, 2, 3, 1, '2019-03-24 09:26:51', 'Joes', 'JOES', NULL, '2019-03-25'),
(365, 2, 11, 1, '2019-03-24 09:31:30', 'Ugne', 'HO6202', NULL, '2019-03-25'),
(366, 2, 8, 1, '2019-03-24 09:34:15', 'Fernanda', 'LV2199', NULL, '2019-03-25'),
(367, 2, 12, 1, '2019-03-24 09:35:45', 'Dubray', 'DUBRAY', NULL, '2019-03-25'),
(368, 2, 10, 1, '2019-03-24 10:43:08', 'HELENA', 'AT 7000', NULL, '2019-03-25'),
(369, 2, 9, 1, '2019-03-24 10:44:41', 'SHAHIN', 'A15055', NULL, '2019-03-25'),
(370, 2, 6, 1, '2019-03-24 10:46:20', 'JANA', 'D11089', NULL, '2019-03-25'),
(371, 2, 7, 1, '2019-03-24 10:48:17', 'LUMA', 'B8606', NULL, '2019-03-25'),
(372, 2, 5, 1, '2019-03-24 10:50:58', 'MARIJANA', 'S9112', NULL, '2019-03-25'),
(373, 2, 11, 1, '2019-03-25 10:56:36', 'Ugne', 'HO6206', NULL, '2019-03-26'),
(374, 2, 5, 1, '2019-03-25 10:58:00', 'Orinta', 'S9113', NULL, '2019-03-26'),
(375, 2, 10, 1, '2019-03-25 11:01:06', 'Mirela', 'AT 7001', NULL, '2019-03-26'),
(376, 2, 3, 1, '2019-03-25 11:04:14', 'joes', 'JOES', NULL, '2019-03-26'),
(377, 2, 9, 1, '2019-03-25 11:08:36', 'Shahin', 'A15067', NULL, '2019-03-26'),
(378, 2, 6, 1, '2019-03-25 11:10:18', 'Jana', 'D11095', NULL, '2019-03-26'),
(379, 2, 4, 1, '2019-03-25 11:12:24', 'Hanka', 'JOES', NULL, '2019-03-26'),
(380, 2, 2, 1, '2019-03-25 11:18:34', 'Hanka', 'JOES', NULL, '2019-03-26'),
(381, 2, 9, 1, '2019-03-25 11:34:21', 'Jinny', 'JOES', NULL, '2019-03-26'),
(382, 2, 9, 1, '2019-03-26 10:15:19', 'Zoran', 'A15072', NULL, '2019-03-27'),
(383, 2, 5, 1, '2019-03-26 10:24:07', 'DANIEL', 'S9119', NULL, '2019-03-27'),
(384, 2, 10, 1, '2019-03-26 10:26:07', 'TOMISLAV', 'AT7002', NULL, '2019-03-27'),
(385, 2, 8, 1, '2019-03-26 10:51:14', 'INESA', 'LV2203', NULL, '2019-03-27'),
(386, 2, 6, 1, '2019-03-26 10:53:58', 'VERONICA', 'D11099', NULL, '2019-03-27'),
(387, 2, 7, 1, '2019-03-26 10:56:18', 'THOMAS', 'B8613', NULL, '2019-03-27'),
(388, 2, 12, 1, '2019-03-26 10:58:30', 'DUBRAY', 'DUBRAY', NULL, '2019-03-27'),
(389, 2, 9, 1, '2019-03-27 11:15:40', 'CHRIS', 'A15082', NULL, '2019-03-28'),
(390, 2, 10, 1, '2019-03-27 11:26:05', 'TOMISLAV', 'AT7003', NULL, '2019-03-28'),
(391, 2, 5, 1, '2019-03-27 11:27:45', 'ORINTA', 'S9127', NULL, '2019-03-28'),
(392, 2, 6, 1, '2019-03-27 11:29:04', 'LOUISE', 'D11105', NULL, '2019-03-28'),
(393, 2, 11, 1, '2019-03-27 11:31:53', 'CLONSHAUGH', 'BHO010003', NULL, '2019-03-28'),
(394, 2, 2, 1, '2019-03-27 11:34:46', 'JOES', 'JOES', NULL, '2019-03-28'),
(395, 2, 4, 1, '2019-03-27 11:35:59', 'MICHELE', 'JOES', NULL, '2019-03-28'),
(396, 2, 3, 1, '2019-03-27 11:37:32', 'JOES', 'JOES', NULL, '2019-03-28'),
(397, 2, 11, 1, '2019-03-27 12:09:17', 'CLONSHAUGH', 'BHO010003', NULL, '2019-03-28'),
(398, 2, 3, 1, '2019-03-27 12:11:07', 'JOES', 'JOES', NULL, '2019-03-28'),
(399, 2, 10, 1, '2019-03-28 10:59:09', 'Mirela', 'AT 7004', NULL, '2019-03-29'),
(400, 2, 5, 1, '2019-03-28 11:01:18', 'Daniel', 'S9130', NULL, '2019-03-29'),
(401, 2, 8, 1, '2019-03-28 11:02:52', 'Raima', 'LV2209', NULL, '2019-03-29'),
(402, 2, 7, 1, '2019-03-28 11:06:05', 'Luma', 'B8619', NULL, '2019-03-29'),
(403, 2, 6, 1, '2019-03-28 11:07:54', 'Veronica', 'D11105', NULL, '2019-03-29'),
(404, 2, 9, 1, '2019-03-28 11:09:57', 'Chris', 'A15087', NULL, '2019-03-29'),
(405, 2, 12, 1, '2019-03-28 11:13:57', 'dubray', 'DUBRAY', NULL, '2019-03-29'),
(406, 2, 9, 1, '2019-03-29 11:17:33', 'ZORAN', 'A15097', NULL, '2019-03-30'),
(407, 2, 10, 1, '2019-03-29 11:19:07', 'HELENA', 'AT7005', NULL, '2019-03-30'),
(408, 2, 6, 1, '2019-03-29 11:20:27', 'JANA', 'D11110', NULL, '2019-03-30'),
(409, 2, 5, 1, '2019-03-29 11:21:36', 'DANIEL', 'S9129', NULL, '2019-03-30'),
(410, 2, 4, 1, '2019-03-29 11:22:10', 'JOES', 'JOES', NULL, '2019-03-30'),
(411, 2, 3, 1, '2019-03-29 11:25:48', 'JOES', 'JOES', NULL, '2019-03-30'),
(412, 2, 1, 1, '2019-03-29 11:26:51', 'JOES', 'JOES', NULL, '2019-03-30'),
(413, 2, 8, 1, '2019-03-29 11:28:45', 'ANNA', 'LV 2217', NULL, '2019-03-30'),
(414, 2, 7, 1, '2019-03-29 11:29:57', 'THOMAS', 'B8623', NULL, '2019-03-30'),
(415, 2, 9, 1, '2019-03-30 11:01:27', 'Chris', 'A15099', NULL, '2019-03-31'),
(416, 2, 10, 1, '2019-03-30 11:02:47', 'Ginta', 'AT7006', NULL, '2019-03-31'),
(417, 2, 6, 1, '2019-03-30 11:03:37', 'Louise', 'D11112', NULL, '2019-03-31'),
(418, 2, 5, 1, '2019-03-30 11:04:32', 'Orinta', 'S9137', NULL, '2019-03-31'),
(419, 2, 2, 1, '2019-03-31 08:08:01', 'Michele', 'JOES', NULL, '2019-04-01'),
(420, 2, 4, 1, '2019-03-31 08:13:20', 'hanka', 'JOES', NULL, '2019-04-01'),
(421, 2, 3, 1, '2019-03-31 08:26:14', 'joes', 'JOES', NULL, '2019-04-01'),
(422, 2, 1, 1, '2019-03-31 08:34:19', 'joes', 'JOES', NULL, '2019-04-01'),
(423, 2, 11, 1, '2019-03-31 10:54:04', 'UGNE', 'BHO010005', NULL, '2019-04-01'),
(424, 2, 9, 1, '2019-03-31 10:56:24', 'Butlers', 'A15100', NULL, '2019-04-01'),
(425, 2, 10, 1, '2019-03-31 10:58:12', 'Ginta', 'AT7020', NULL, '2019-04-01'),
(426, 2, 6, 1, '2019-03-31 10:59:37', 'Louise', 'D11113', NULL, '2019-04-01'),
(427, 2, 7, 1, '2019-03-31 11:03:42', 'Luma', 'B8625', NULL, '2019-04-01'),
(428, 2, 5, 1, '2019-03-31 11:06:19', 'Marijana', 'S9139', NULL, '2019-04-01'),
(429, 2, 8, 1, '2019-03-31 11:08:43', 'Fernanda', 'LV2218', NULL, '2019-04-01'),
(430, 2, 12, 1, '2019-03-31 11:10:08', 'Dubray', 'DUBRAY', NULL, '2019-04-01'),
(432, 2, 11, 1, '2019-04-01 09:59:17', 'UGNE', 'BHO010007', NULL, '2019-04-02'),
(433, 2, 9, 1, '2019-04-01 10:07:20', 'Zoran', 'A15106', NULL, '2019-04-02'),
(434, 2, 2, 1, '2019-04-01 10:08:51', 'MICHELE', 'JOES', NULL, '2019-04-02'),
(435, 2, 4, 1, '2019-04-01 10:12:06', 'HANKA', 'JOES', NULL, '2019-04-02'),
(436, 2, 3, 1, '2019-04-01 10:13:56', 'JOES', 'JOES', NULL, '2019-04-02'),
(437, 2, 1, 1, '2019-04-01 10:15:44', 'JOES', 'JOES', NULL, '2019-04-02'),
(438, 2, 10, 1, '2019-04-01 10:20:30', 'GINTA', 'AT7021', NULL, '2019-04-02'),
(439, 2, 6, 1, '2019-04-01 10:21:54', 'LOUISE', 'D11122', NULL, '2019-04-02'),
(440, 2, 5, 1, '2019-04-01 10:23:23', 'ORINTA', 'S9142', NULL, '2019-04-02'),
(443, 2, 12, 1, '2019-04-02 09:45:53', 'Dubray', 'DUBRAY', NULL, '2019-04-03'),
(444, 2, 5, 1, '2019-04-02 09:47:21', 'Orinta', 'S9144', NULL, '2019-04-03'),
(445, 2, 10, 1, '2019-04-02 09:49:32', 'Helena', 'AT7022', NULL, '2019-04-03'),
(446, 2, 8, 1, '2019-04-02 09:52:47', 'Anna', 'LV 2222', NULL, '2019-04-03'),
(450, 2, 9, 1, '2019-04-02 10:00:54', 'Zohan', 'A15110', NULL, '2019-04-03'),
(448, 2, 6, 1, '2019-04-02 09:56:58', 'Jana', 'D11123', NULL, '2019-04-03'),
(449, 2, 7, 1, '2019-04-02 09:57:53', 'Luma', 'B8631', NULL, '2019-04-03'),
(451, 2, 11, 1, '2019-04-03 08:33:39', 'UGNE', 'BHO010011', NULL, '2019-04-04'),
(452, 2, 5, 1, '2019-04-03 08:34:46', 'DANIEL', 'S9151', NULL, '2019-04-04'),
(453, 2, 10, 1, '2019-04-03 08:36:49', 'MIRELA', 'AT 7023', NULL, '2019-04-04'),
(454, 2, 2, 1, '2019-04-03 08:38:14', 'MICHELE', 'JOES', NULL, '2019-04-04'),
(455, 2, 1, 1, '2019-04-03 08:39:37', 'JOES', 'JOES', NULL, '2019-04-04'),
(456, 2, 4, 1, '2019-04-03 08:40:53', 'HANKA', 'JOES', NULL, '2019-04-04'),
(457, 2, 3, 1, '2019-04-03 09:16:50', 'joes', 'JOES', NULL, '2019-04-04'),
(458, 2, 9, 1, '2019-04-03 10:01:13', 'Mehedi', 'A15121', NULL, '2019-04-04'),
(459, 2, 6, 1, '2019-04-03 10:09:53', 'Louise', 'D11130', NULL, '2019-04-04'),
(460, 2, 5, 1, '2019-04-04 10:02:37', 'Daniel', 'S9154', NULL, '2019-04-05'),
(461, 2, 8, 1, '2019-04-04 10:04:10', 'Fernanda', 'LV2228', NULL, '2019-04-05'),
(462, 2, 10, 1, '2019-04-04 10:06:20', 'Ginta', 'AT7024', NULL, '2019-04-05'),
(463, 2, 7, 1, '2019-04-04 10:09:54', 'Luma', 'B8637', NULL, '2019-04-05'),
(464, 2, 6, 1, '2019-04-04 10:11:18', 'Jana', 'D11133', NULL, '2019-04-05'),
(465, 2, 12, 1, '2019-04-04 10:19:19', 'Dubray', 'DUBRAY', NULL, '2019-04-05'),
(466, 2, 9, 1, '2019-04-04 10:47:46', 'Mehedi', 'A15126', NULL, '2019-04-05'),
(467, 2, 3, 1, '2019-04-05 09:42:06', 'JOes', 'JOES', NULL, '2019-04-06'),
(468, 2, 1, 1, '2019-04-05 09:43:30', 'Joes', 'JOES', NULL, '2019-04-06'),
(469, 2, 5, 1, '2019-04-05 09:45:16', 'Daniel', 'S9156', NULL, '2019-04-06'),
(470, 2, 10, 1, '2019-04-05 09:47:05', 'Ginta', 'AT7025', NULL, '2019-04-06'),
(471, 2, 8, 1, '2019-04-05 09:48:31', 'Inesa', 'LV2235', NULL, '2019-04-06'),
(472, 2, 9, 1, '2019-04-05 09:49:59', 'Chris', 'A15136', NULL, '2019-04-06'),
(474, 2, 6, 1, '2019-04-05 16:19:23', 'Jana', 'D11138', NULL, '2019-04-06'),
(475, 2, 10, 1, '2019-04-06 08:41:39', 'Tomislav', 'AT7026', NULL, '2019-04-07'),
(476, 2, 5, 1, '2019-04-06 08:43:20', 'Daniel', 'S9158', NULL, '2019-04-07'),
(477, 2, 9, 1, '2019-04-06 10:05:43', 'Zoran', 'A15137', NULL, '2019-04-07'),
(478, 2, 6, 1, '2019-04-06 10:06:55', 'Louise', 'D11139', NULL, '2019-04-07'),
(479, 2, 7, 1, '2019-04-06 14:43:46', 'Thomas', 'B8640', NULL, '2019-04-07'),
(480, 2, 1, 1, '2019-04-07 08:43:52', 'Joes', 'JOES', NULL, '2019-04-08'),
(481, 2, 2, 1, '2019-04-07 08:45:39', 'Michele', 'JOES', NULL, '2019-04-08'),
(482, 2, 3, 1, '2019-04-07 08:47:44', 'Joes', 'JOES', NULL, '2019-04-08'),
(483, 2, 4, 1, '2019-04-07 08:49:50', 'Hanka', 'JOES', NULL, '2019-04-08'),
(484, 2, 12, 1, '2019-04-07 08:50:41', 'Dubray', 'DUBRAY', NULL, '2019-04-08'),
(485, 2, 5, 1, '2019-04-07 11:01:41', 'Marijana', 'S9161', NULL, '2019-04-08'),
(486, 2, 9, 1, '2019-04-07 11:03:18', 'Mehedi', 'A15138', NULL, '2019-04-08'),
(487, 2, 8, 1, '2019-04-07 11:04:23', 'Anna', 'LV2236', NULL, '2019-04-08'),
(488, 2, 10, 1, '2019-04-07 11:06:10', 'Tomislav', '7043', NULL, '2019-04-08'),
(489, 2, 6, 1, '2019-04-07 11:07:12', 'Louise', 'D11140', NULL, '2019-04-08'),
(490, 2, 7, 1, '2019-04-07 11:07:56', 'Luma', 'B8641', NULL, '2019-04-08'),
(491, 2, 11, 1, '2019-04-07 11:09:12', 'Ugne', 'BHO010014', NULL, '2019-04-08'),
(492, 2, 9, 1, '2019-04-08 10:01:33', 'mehedi', 'A15147', NULL, '2019-04-09'),
(493, 2, 11, 1, '2019-04-08 10:05:34', 'Ugne', 'BUTLERS', NULL, '2019-04-09'),
(494, 2, 10, 1, '2019-04-08 10:07:08', 'mirela', 'AT7043', NULL, '2019-04-09'),
(495, 2, 6, 1, '2019-04-08 10:08:03', 'louise', 'D11148', NULL, '2019-04-09'),
(496, 2, 5, 1, '2019-04-08 10:09:03', 'mirijana', 'S9166', NULL, '2019-04-09'),
(497, 2, 1, 1, '2019-04-08 10:10:32', 'joes', 'JOES', NULL, '2019-04-09'),
(498, 2, 4, 1, '2019-04-08 10:11:57', 'hanka', 'JOES', NULL, '2019-04-09'),
(499, 2, 3, 1, '2019-04-08 10:13:02', 'joes', 'JOES', NULL, '2019-04-09'),
(500, 2, 2, 1, '2019-04-08 10:13:56', 'hanka', 'JOES', NULL, '2019-04-09'),
(501, 2, 5, 1, '2019-04-09 09:44:25', 'ORINTA', 'S9167', NULL, '2019-04-10'),
(502, 2, 10, 1, '2019-04-09 09:45:54', 'MIRELA', 'AT 7045', NULL, '2019-04-10'),
(503, 2, 9, 1, '2019-04-09 09:47:09', 'ZORAN', 'A15154', NULL, '2019-04-10'),
(504, 2, 7, 1, '2019-04-09 09:47:52', 'THOMAS', 'B8648', NULL, '2019-04-10'),
(505, 2, 12, 1, '2019-04-09 09:49:36', 'DUBRAY', 'DUBRAY', NULL, '2019-04-10'),
(506, 2, 6, 1, '2019-04-09 09:51:57', 'JANA', 'D11151', NULL, '2019-04-10'),
(507, 2, 8, 1, '2019-04-09 10:19:11', 'FERNANDA', 'LV2242', NULL, '2019-04-10'),
(508, 2, 3, 1, '2019-04-10 08:32:32', 'JOES', 'JOES', NULL, '2019-04-11'),
(509, 2, 1, 1, '2019-04-10 08:34:03', 'JOES', 'JOES', NULL, '2019-04-11'),
(510, 2, 2, 1, '2019-04-10 08:37:23', 'HANKA', 'JOES', NULL, '2019-04-11'),
(511, 2, 4, 1, '2019-04-10 08:38:22', 'HANKA', 'JOES', NULL, '2019-04-11'),
(512, 2, 10, 1, '2019-04-10 08:40:15', 'MIRELA', 'AT 7046', NULL, '2019-04-11'),
(513, 2, 11, 1, '2019-04-10 08:41:47', 'NITISH', 'BHO010020', NULL, '2019-04-11'),
(514, 2, 5, 1, '2019-04-10 08:42:45', 'DANIEL', 'S9169', NULL, '2019-04-11'),
(515, 2, 9, 1, '2019-04-10 09:41:14', 'ZORAN', 'A15161', NULL, '2019-04-11'),
(516, 2, 6, 1, '2019-04-10 10:12:59', 'LOUISE', 'D11158', NULL, '2019-04-11'),
(517, 2, 7, 1, '2019-04-11 10:07:01', 'Thomas', 'B8653', NULL, '2019-04-12'),
(518, 2, 5, 1, '2019-04-11 10:08:11', 'Daniel', 'S9171', NULL, '2019-04-12'),
(519, 2, 8, 1, '2019-04-11 10:10:00', 'Fernanda', 'LV2249', NULL, '2019-04-12'),
(520, 2, 10, 1, '2019-04-11 10:11:38', 'Ginta', 'AT7047', NULL, '2019-04-12'),
(521, 2, 12, 1, '2019-04-11 10:14:51', 'Dubray', 'DUBRAY', NULL, '2019-04-12'),
(525, 2, 2, 1, '2019-04-12 08:58:55', 'Michele', 'JOES', NULL, '2019-04-13'),
(523, 2, 6, 1, '2019-04-11 10:29:52', 'Veronica', 'D11161', NULL, '2019-04-12'),
(524, 2, 9, 1, '2019-04-11 10:32:20', 'chris', 'A15168', NULL, '2019-04-12'),
(526, 2, 3, 1, '2019-04-12 09:00:21', 'Joes', 'JOES', NULL, '2019-04-13'),
(527, 2, 1, 1, '2019-04-12 09:02:04', 'Joes', 'JOES', NULL, '2019-04-13'),
(528, 2, 10, 1, '2019-04-12 09:03:38', 'Ginta', 'AT7048', NULL, '2019-04-13'),
(529, 2, 8, 1, '2019-04-12 09:05:09', 'Fernanda', 'LV2250', NULL, '2019-04-13'),
(530, 2, 11, 1, '2019-04-12 09:06:31', 'ALIONA', 'BHO010025', NULL, '2019-04-15'),
(531, 2, 5, 1, '2019-04-12 09:08:26', 'Marijana', 'S9177', NULL, '2019-04-13'),
(532, 2, 4, 1, '2019-04-12 09:10:19', 'Hanka', 'JOES', NULL, '2019-04-15'),
(533, 2, 9, 1, '2019-04-12 10:12:36', 'Dovile', 'A15176', NULL, '2019-04-13'),
(534, 2, 6, 1, '2019-04-12 10:14:22', 'Veronica', 'D11169', NULL, '2019-04-13'),
(535, 2, 7, 1, '2019-04-12 10:15:21', 'Luma', 'B8655', NULL, '2019-04-13'),
(536, 2, 5, 1, '2019-04-13 10:33:52', 'MARIJANA', 'S9179', NULL, '2019-04-14'),
(537, 2, 10, 1, '2019-04-13 10:36:04', 'GINTA', 'AT7048', NULL, '2019-04-14'),
(538, 2, 7, 1, '2019-04-13 10:37:01', 'THOMAS', 'B8657', NULL, '2019-04-14'),
(539, 2, 6, 1, '2019-04-13 10:37:57', 'LOUISE', 'D11170', NULL, '2019-04-14'),
(540, 2, 9, 1, '2019-04-13 10:39:56', 'DOVILE', 'A15177', NULL, '2019-04-14'),
(541, 2, 2, 1, '2019-04-13 10:41:53', 'MICHELE/ALEX', 'JOES', NULL, '2019-04-15'),
(542, 2, 3, 1, '2019-04-14 09:01:27', 'Carlos', 'JOES', NULL, '2019-04-15'),
(543, 2, 1, 1, '2019-04-14 09:02:53', 'Joes', 'JOES', NULL, '2019-04-15'),
(544, 2, 12, 1, '2019-04-14 09:03:31', 'Dubray', 'DUBRAY', NULL, '2019-04-15'),
(545, 2, 5, 1, '2019-04-14 10:22:08', 'MARIJANA', 'S9180', NULL, '2019-04-15'),
(546, 2, 10, 1, '2019-04-14 10:23:20', 'HELENA', 'AT 7069', NULL, '2019-04-15'),
(547, 2, 9, 1, '2019-04-14 10:24:33', 'MEHEDI', 'A15179', NULL, '2019-04-15'),
(548, 2, 7, 1, '2019-04-14 10:25:16', 'LUMA', 'B8658', NULL, '2019-04-15'),
(549, 2, 6, 1, '2019-04-14 10:27:55', 'LOUISE', 'D11171', NULL, '2019-04-15'),
(550, 2, 8, 1, '2019-04-14 10:28:58', 'FERNANDA', 'LV2254', NULL, '2019-04-15'),
(551, 2, 5, 1, '2019-04-15 09:52:30', 'Marijana', 'S9183', NULL, '2019-04-16'),
(552, 2, 2, 1, '2019-04-15 09:54:07', 'Hanka', 'JOES', NULL, '2019-04-16'),
(553, 2, 4, 1, '2019-04-15 10:00:24', 'Hanka', 'JOES', NULL, '2019-04-16'),
(554, 2, 11, 1, '2019-04-15 10:02:29', 'Nitish', 'BUTLERS', NULL, '2019-04-16'),
(555, 2, 1, 1, '2019-04-15 10:04:24', 'joes', 'JOES', NULL, '2019-04-16'),
(556, 2, 3, 1, '2019-04-15 10:05:57', 'joes', 'JOES', NULL, '2019-04-16'),
(557, 2, 10, 1, '2019-04-15 10:07:50', 'Mirela', 'AT 7070', NULL, '2019-04-16'),
(558, 2, 9, 1, '2019-04-15 10:09:15', 'Chris', 'A15192', NULL, '2019-04-16'),
(559, 2, 6, 1, '2019-04-15 10:18:07', 'Louise', 'D11174', NULL, '2019-04-16'),
(560, 2, 5, 1, '2019-04-16 10:30:49', 'Daniel', 'S9188', NULL, '2019-04-17'),
(561, 2, 10, 1, '2019-04-16 10:32:42', 'Mirela', 'AT7071', NULL, '2019-04-17'),
(562, 2, 7, 1, '2019-04-16 10:33:47', 'Luma', 'B8665', NULL, '2019-04-17'),
(563, 2, 9, 1, '2019-04-16 10:35:17', 'Chris', 'A15197', NULL, '2019-04-17'),
(564, 2, 8, 1, '2019-04-16 10:36:14', 'Fernanda', 'LV2260', NULL, '2019-04-17'),
(565, 2, 12, 1, '2019-04-16 10:36:47', 'Dubreay', 'DUBRAY', NULL, '2019-04-17'),
(566, 2, 6, 1, '2019-04-16 10:37:55', 'Veronica', 'D11176', NULL, '2019-04-17'),
(567, 2, 4, 1, '2019-04-17 08:22:20', 'HANKA', 'JOES', NULL, '2019-04-18'),
(568, 2, 2, 1, '2019-04-17 08:23:15', 'HANKA', 'JOES', NULL, '2019-04-18'),
(569, 2, 1, 1, '2019-04-17 08:24:35', 'JOES', 'JOES', NULL, '2019-04-18'),
(570, 2, 3, 1, '2019-04-17 08:25:44', 'JOES', 'JOES', NULL, '2019-04-18'),
(571, 2, 11, 1, '2019-04-17 08:29:13', 'VASILI STEPA', 'BHO010031', NULL, '2019-04-18'),
(572, 2, 5, 1, '2019-04-17 08:30:05', 'DANIEL', 'S9195', NULL, '2019-04-18'),
(573, 2, 9, 1, '2019-04-17 09:57:37', 'ZORAN', 'A15207', NULL, '2019-04-18'),
(574, 2, 10, 1, '2019-04-17 09:58:57', 'MIRELA', 'AT 7072', NULL, '2019-04-18'),
(575, 2, 6, 1, '2019-04-17 09:59:46', 'LOUISE', 'D11184', NULL, '2019-04-18'),
(576, 2, 8, 1, '2019-04-18 10:19:47', 'ANNA', 'LV 2267', NULL, '2019-04-19'),
(577, 2, 5, 1, '2019-04-18 10:20:35', 'DANIEL', 'S9197', NULL, '2019-04-19'),
(578, 2, 7, 1, '2019-04-18 10:21:19', 'THOMAS', 'B8673', NULL, '2019-04-19'),
(579, 2, 10, 1, '2019-04-18 10:22:33', 'GINTA', 'AT7073', NULL, '2019-04-19'),
(580, 2, 9, 1, '2019-04-18 10:23:29', 'MEHEDI', 'A15212', NULL, '2019-04-19'),
(581, 2, 6, 1, '2019-04-18 10:24:11', 'JANA', 'D11186', NULL, '2019-04-19'),
(582, 2, 12, 1, '2019-04-18 10:25:38', 'DUBRAY', 'DUBRAY', NULL, '2019-04-19'),
(594, 2, 9, 1, '2019-04-20 10:41:47', 'Zoran', 'A15225', NULL, '2019-04-21'),
(584, 2, 11, 1, '2019-04-19 09:49:39', 'Aliona', 'BHO010038', NULL, '2019-04-23'),
(585, 2, 5, 1, '2019-04-19 09:51:44', 'Daniel', 'S9200', NULL, '2019-04-20'),
(586, 2, 3, 1, '2019-04-19 09:55:07', 'joes', 'JOES', NULL, '2019-04-20'),
(587, 2, 10, 1, '2019-04-19 09:57:03', 'Ginta', 'AT7074', NULL, '2019-04-20'),
(588, 2, 1, 1, '2019-04-19 09:58:37', 'joes', 'JOES', NULL, '2019-04-20'),
(589, 2, 7, 1, '2019-04-19 09:59:59', 'Luma', 'B8676', NULL, '2019-04-20'),
(590, 2, 9, 1, '2019-04-19 10:02:26', 'Zoran', 'A15224', NULL, '2019-04-20'),
(591, 2, 6, 1, '2019-04-19 10:03:40', 'Jana', 'D11193', NULL, '2019-04-20'),
(592, 2, 2, 1, '2019-04-19 10:07:12', 'joes', 'JOES', NULL, '2019-04-20'),
(593, 2, 7, 1, '2019-04-19 10:08:53', 'Luma', 'B8677', NULL, '2019-04-22'),
(595, 2, 6, 1, '2019-04-20 10:42:48', 'Louise', 'D11194', NULL, '2019-04-21'),
(596, 2, 10, 1, '2019-04-20 10:44:25', 'Mirela', 'AT7075', NULL, '2019-04-21'),
(597, 2, 5, 1, '2019-04-20 10:45:28', 'Marijana', 'S9202', NULL, '2019-04-21'),
(598, 2, 1, 1, '2019-04-21 08:12:50', 'Joes', 'JOES', NULL, '2019-04-22'),
(599, 2, 3, 1, '2019-04-21 08:14:13', 'Joes', 'JOES', NULL, '2019-04-22'),
(600, 2, 10, 1, '2019-04-21 10:27:04', 'TOMISLAV', '7096', NULL, '2019-04-22'),
(601, 2, 9, 1, '2019-04-21 10:28:41', 'MEHEDI', 'A15226', NULL, '2019-04-22'),
(602, 2, 8, 1, '2019-04-21 10:33:39', 'ANNA', 'LV2272', NULL, '2019-04-22'),
(603, 2, 5, 1, '2019-04-21 10:36:38', 'MARIJANA', 'S9202', NULL, '2019-04-22'),
(604, 2, 6, 1, '2019-04-21 10:37:34', 'LOUISE', 'D11194', NULL, '2019-04-22'),
(605, 2, 12, 1, '2019-04-22 08:02:22', 'Dubray', 'DUBRAY', NULL, '2019-04-23'),
(606, 2, 3, 1, '2019-04-22 08:04:33', 'Joes', 'JOES', NULL, '2019-04-23'),
(607, 2, 2, 1, '2019-04-22 08:05:17', 'Hanka', 'JOES', NULL, '2019-04-23'),
(608, 2, 4, 1, '2019-04-22 08:06:46', 'Hanka', 'JOES', NULL, '2019-04-23'),
(609, 2, 1, 1, '2019-04-22 08:14:47', 'Joes', 'JOES', NULL, '2019-04-23'),
(610, 2, 9, 1, '2019-04-22 10:19:21', 'Mehedi', 'A15227', NULL, '2019-04-23'),
(611, 2, 10, 1, '2019-04-22 10:21:02', 'Tomislav', '7097', NULL, '2019-04-23'),
(612, 2, 2, 1, '2019-04-23 09:50:21', 'MICHELE', 'JOES', NULL, '2019-04-24'),
(613, 2, 10, 1, '2019-04-23 09:54:44', 'MIRELA', 'AT 7098', NULL, '2019-04-24'),
(614, 2, 5, 1, '2019-04-23 09:55:30', 'MARIJANA', 'S9205', NULL, '2019-04-24'),
(615, 2, 7, 1, '2019-04-23 09:56:09', 'THOMAS', 'B8680', NULL, '2019-04-24'),
(616, 2, 8, 1, '2019-04-23 09:57:50', 'INESA', 'LV 2277', NULL, '2019-04-24'),
(617, 2, 6, 1, '2019-04-23 10:01:45', 'LOUISE', 'D11201', NULL, '2019-04-24'),
(618, 2, 9, 1, '2019-04-23 10:12:29', 'ZORAN', 'A15231', NULL, '2019-04-24'),
(619, 2, 12, 1, '2019-04-23 12:17:02', 'DUBRAY', 'DUBRAY', NULL, '2019-04-24');

-- --------------------------------------------------------

--
-- Estrutura da tabela `order_items`
--

CREATE TABLE `order_items` (
  `order_id` int(11) NOT NULL,
  `product_id` int(11) NOT NULL,
  `quantity` int(11) NOT NULL
) ENGINE=MyISAM DEFAULT CHARSET=utf8 COLLATE=utf8_unicode_ci;

--
-- Extraindo dados da tabela `order_items`
--

INSERT INTO `order_items` (`order_id`, `product_id`, `quantity`) VALUES
(2, 12, 2),
(2, 4, 3),
(2, 33, 6),
(2, 48, 2),
(2, 42, 8),
(2, 7, 9),
(2, 14, 2),
(3, 12, 2),
(3, 42, 2),
(3, 8, 2),
(3, 4, 2),
(3, 33, 2),
(3, 48, 2),
(4, 8, 6),
(4, 7, 6),
(4, 42, 5),
(4, 2, 3),
(4, 37, 2),
(4, 4, 2),
(4, 33, 5),
(4, 6, 6),
(5, 8, 1),
(5, 7, 3),
(5, 42, 3),
(5, 2, 1),
(5, 4, 1),
(5, 12, 2),
(5, 33, 2),
(6, 8, 6),
(6, 7, 6),
(6, 42, 5),
(6, 2, 3),
(6, 12, 2),
(6, 33, 6),
(7, 8, 15),
(7, 7, 15),
(7, 42, 10),
(7, 2, 6),
(7, 44, 8),
(7, 41, 10),
(7, 37, 3),
(7, 4, 5),
(7, 12, 2),
(7, 48, 25),
(7, 6, 15),
(7, 33, 25),
(7, 9, 5),
(8, 8, 10),
(8, 7, 10),
(8, 42, 10),
(8, 2, 10),
(8, 44, 4),
(8, 4, 4),
(8, 41, 4),
(8, 12, 4),
(8, 48, 20),
(8, 6, 12),
(8, 33, 12),
(8, 9, 4),
(442, 23, 3),
(442, 17, 1),
(442, 24, 1),
(442, 2, 1),
(442, 25, 1),
(442, 21, 1),
(442, 14, 2),
(10, 8, 8),
(10, 7, 8),
(10, 42, 5),
(10, 44, 4),
(10, 4, 5),
(10, 2, 7),
(10, 48, 6),
(10, 33, 6),
(11, 8, 8),
(11, 7, 9),
(11, 42, 6),
(11, 44, 4),
(11, 4, 5),
(11, 22, 7),
(11, 48, 4),
(11, 33, 8),
(12, 8, 12),
(12, 7, 12),
(12, 42, 12),
(12, 22, 12),
(12, 44, 6),
(12, 4, 6),
(12, 41, 6),
(12, 12, 6),
(12, 48, 16),
(12, 6, 18),
(12, 33, 12),
(12, 9, 4),
(13, 8, 5),
(13, 7, 5),
(13, 42, 10),
(13, 22, 5),
(13, 44, 3),
(13, 41, 3),
(13, 4, 3),
(13, 12, 3),
(13, 48, 25),
(13, 6, 20),
(13, 33, 20),
(13, 9, 3),
(14, 8, 5),
(14, 7, 5),
(14, 22, 3),
(14, 37, 2),
(14, 4, 2),
(14, 33, 4),
(14, 6, 6),
(15, 14, 15),
(15, 20, 16),
(15, 19, 12),
(15, 42, 16),
(15, 17, 12),
(15, 21, 12),
(15, 37, 8),
(16, 14, 4),
(17, 14, 6),
(17, 18, 5),
(17, 27, 4),
(17, 20, 6),
(17, 19, 6),
(17, 42, 8),
(17, 17, 4),
(17, 21, 6),
(17, 41, 4),
(17, 44, 4),
(18, 8, 6),
(18, 7, 6),
(18, 42, 5),
(18, 22, 3),
(18, 12, 2),
(18, 33, 6),
(19, 8, 2),
(19, 7, 2),
(19, 42, 2),
(19, 22, 2),
(19, 4, 2),
(19, 12, 2),
(19, 33, 4),
(20, 8, 10),
(20, 7, 5),
(20, 42, 8),
(20, 22, 2),
(20, 44, 4),
(20, 4, 3),
(20, 41, 8),
(20, 37, 2),
(20, 12, 4),
(20, 48, 10),
(20, 6, 8),
(20, 33, 7),
(20, 9, 7),
(21, 8, 5),
(21, 7, 5),
(21, 42, 2),
(21, 22, 2),
(21, 37, 2),
(21, 4, 2),
(21, 33, 4),
(21, 6, 5),
(22, 8, 15),
(22, 7, 8),
(22, 42, 3),
(22, 22, 7),
(22, 44, 7),
(22, 41, 10),
(22, 37, 3),
(22, 4, 3),
(22, 12, 3),
(22, 48, 20),
(22, 6, 12),
(22, 33, 15),
(22, 9, 3),
(23, 8, 8),
(23, 7, 9),
(23, 42, 6),
(23, 44, 4),
(23, 4, 4),
(23, 22, 7),
(23, 33, 8),
(24, 14, 20),
(24, 20, 10),
(24, 19, 8),
(24, 42, 12),
(24, 17, 10),
(24, 21, 8),
(24, 37, 4),
(25, 14, 12),
(25, 42, 4),
(25, 17, 2),
(25, 21, 2),
(25, 16, 2),
(25, 2, 1),
(25, 44, 2),
(26, 19, 1),
(26, 14, 4),
(26, 42, 4),
(26, 17, 1),
(26, 21, 2),
(26, 2, 1),
(26, 44, 2),
(27, 14, 2),
(27, 18, 3),
(27, 27, 3),
(27, 20, 3),
(27, 19, 3),
(27, 17, 3),
(27, 42, 4),
(27, 21, 3),
(27, 16, 3),
(27, 44, 3),
(28, 47, 2),
(28, 55, 2),
(28, 38, 2),
(28, 43, 3),
(28, 40, 3),
(28, 39, 3),
(28, 45, 2),
(29, 8, 8),
(29, 7, 8),
(29, 42, 6),
(29, 4, 6),
(29, 44, 3),
(29, 22, 6),
(29, 6, 12),
(29, 9, 4),
(29, 5, 3),
(29, 12, 5),
(29, 33, 3),
(29, 48, 2),
(30, 8, 5),
(30, 7, 5),
(30, 42, 3),
(30, 22, 2),
(30, 37, 2),
(30, 4, 2),
(30, 33, 4),
(30, 6, 5),
(31, 8, 7),
(31, 7, 7),
(31, 42, 6),
(31, 44, 4),
(31, 4, 3),
(31, 22, 7),
(31, 33, 8),
(32, 8, 10),
(32, 7, 10),
(32, 42, 8),
(32, 22, 3),
(32, 44, 4),
(32, 4, 3),
(32, 41, 8),
(32, 37, 2),
(32, 48, 8),
(32, 33, 10),
(32, 6, 10),
(32, 9, 5),
(33, 8, 4),
(33, 7, 4),
(33, 42, 4),
(33, 22, 2),
(33, 4, 2),
(33, 12, 2),
(33, 48, 4),
(33, 33, 4),
(34, 8, 15),
(34, 7, 15),
(34, 42, 10),
(34, 22, 10),
(34, 44, 6),
(34, 41, 10),
(34, 37, 3),
(34, 4, 5),
(34, 12, 3),
(34, 48, 20),
(34, 6, 20),
(34, 33, 20),
(34, 9, 3),
(35, 8, 6),
(35, 7, 6),
(35, 42, 4),
(35, 22, 5),
(35, 12, 4),
(35, 33, 7),
(36, 8, 4),
(36, 7, 4),
(36, 42, 2),
(36, 22, 2),
(36, 37, 2),
(36, 4, 2),
(36, 33, 4),
(36, 6, 5),
(37, 8, 16),
(37, 7, 16),
(37, 42, 10),
(37, 4, 12),
(37, 44, 6),
(37, 22, 12),
(37, 6, 24),
(37, 9, 8),
(37, 5, 6),
(37, 12, 10),
(37, 33, 6),
(37, 48, 2),
(38, 8, 6),
(38, 7, 5),
(38, 42, 14),
(38, 22, 5),
(38, 44, 12),
(38, 41, 8),
(38, 37, 3),
(38, 4, 4),
(38, 12, 5),
(38, 48, 20),
(38, 6, 20),
(38, 33, 20),
(38, 9, 5),
(39, 8, 6),
(39, 7, 6),
(39, 42, 7),
(39, 44, 4),
(39, 4, 3),
(39, 22, 6),
(39, 33, 7),
(40, 14, 4),
(40, 18, 4),
(40, 27, 3),
(40, 20, 5),
(40, 19, 5),
(40, 42, 6),
(40, 17, 4),
(40, 21, 4),
(40, 16, 4),
(40, 44, 4),
(41, 14, 5),
(41, 20, 10),
(41, 19, 4),
(41, 42, 10),
(41, 17, 10),
(41, 21, 10),
(41, 37, 8),
(42, 14, 14),
(42, 42, 6),
(42, 17, 3),
(42, 21, 2),
(42, 16, 2),
(42, 2, 1),
(42, 44, 2),
(43, 14, 2),
(43, 27, 1),
(43, 19, 1),
(43, 42, 6),
(43, 17, 2),
(43, 21, 2),
(43, 2, 1),
(43, 44, 4),
(43, 15, 1),
(44, 8, 8),
(44, 7, 12),
(44, 42, 8),
(44, 22, 3),
(44, 44, 4),
(44, 4, 4),
(44, 41, 8),
(44, 37, 2),
(44, 12, 4),
(44, 48, 16),
(44, 6, 12),
(44, 33, 8),
(44, 9, 4),
(45, 8, 5),
(45, 7, 5),
(45, 42, 2),
(45, 22, 2),
(45, 37, 2),
(45, 4, 2),
(45, 33, 4),
(45, 6, 5),
(46, 8, 8),
(46, 7, 12),
(46, 42, 10),
(46, 22, 5),
(46, 44, 8),
(46, 41, 8),
(46, 37, 4),
(46, 4, 5),
(46, 12, 4),
(46, 48, 15),
(46, 6, 15),
(46, 33, 20),
(46, 9, 5),
(47, 8, 5),
(47, 7, 5),
(47, 42, 3),
(47, 22, 3),
(47, 4, 3),
(47, 12, 2),
(47, 48, 5),
(47, 33, 5),
(48, 8, 6),
(48, 7, 5),
(48, 42, 8),
(48, 22, 3),
(48, 44, 5),
(48, 4, 3),
(48, 41, 6),
(48, 37, 1),
(48, 12, 3),
(48, 48, 10),
(48, 33, 8),
(49, 8, 6),
(49, 7, 6),
(49, 42, 5),
(49, 22, 5),
(49, 12, 4),
(49, 33, 7),
(50, 8, 5),
(50, 7, 5),
(50, 42, 7),
(50, 44, 4),
(50, 4, 2),
(50, 22, 6),
(50, 33, 7),
(51, 40, 3),
(51, 39, 3),
(51, 43, 3),
(51, 47, 2),
(51, 55, 2),
(51, 38, 2),
(51, 45, 2),
(52, 8, 5),
(52, 7, 4),
(52, 42, 2),
(52, 22, 3),
(52, 37, 3),
(52, 4, 2),
(52, 33, 4),
(52, 6, 5),
(53, 8, 8),
(53, 7, 8),
(53, 42, 8),
(53, 22, 5),
(53, 44, 8),
(53, 41, 8),
(53, 37, 2),
(53, 4, 3),
(53, 12, 2),
(53, 48, 25),
(53, 6, 15),
(53, 33, 10),
(53, 9, 5),
(54, 8, 16),
(54, 7, 16),
(54, 42, 10),
(54, 4, 10),
(54, 44, 8),
(54, 22, 12),
(54, 6, 22),
(54, 9, 8),
(54, 5, 6),
(54, 12, 10),
(54, 33, 4),
(54, 48, 1),
(55, 8, 14),
(55, 7, 6),
(55, 42, 12),
(55, 22, 3),
(55, 44, 6),
(55, 4, 3),
(55, 41, 10),
(55, 12, 3),
(55, 48, 12),
(55, 6, 14),
(55, 33, 12),
(55, 9, 8),
(56, 8, 7),
(56, 7, 7),
(56, 42, 7),
(56, 44, 4),
(56, 4, 2),
(56, 22, 6),
(56, 48, 4),
(56, 33, 6),
(57, 14, 10),
(57, 25, 6),
(57, 24, 5),
(57, 23, 6),
(57, 17, 2),
(57, 21, 3),
(57, 16, 2),
(57, 2, 3),
(57, 26, 2),
(58, 14, 2),
(58, 25, 1),
(58, 24, 2),
(58, 23, 5),
(58, 17, 3),
(58, 21, 3),
(58, 2, 2),
(58, 26, 3),
(58, 19, 1),
(58, 27, 1),
(59, 14, 8),
(59, 20, 12),
(59, 19, 12),
(59, 23, 16),
(59, 17, 16),
(59, 21, 16),
(59, 28, 10),
(60, 14, 6),
(60, 18, 5),
(60, 25, 4),
(60, 27, 5),
(60, 20, 5),
(60, 19, 6),
(60, 24, 5),
(60, 23, 8),
(60, 17, 6),
(60, 21, 6),
(60, 16, 4),
(60, 26, 4),
(61, 40, 3),
(61, 39, 3),
(61, 43, 3),
(61, 55, 2),
(61, 38, 2),
(61, 45, 2),
(61, 47, 2),
(62, 8, 2),
(62, 7, 2),
(62, 42, 1),
(62, 22, 1),
(62, 4, 1),
(62, 12, 1),
(62, 33, 2),
(63, 8, 5),
(63, 7, 5),
(63, 42, 2),
(63, 22, 3),
(63, 37, 3),
(63, 4, 2),
(63, 33, 4),
(63, 6, 5),
(64, 8, 15),
(64, 7, 15),
(64, 42, 10),
(64, 22, 8),
(64, 44, 10),
(64, 41, 10),
(64, 37, 4),
(64, 4, 4),
(64, 12, 4),
(64, 48, 30),
(64, 6, 20),
(64, 33, 20),
(64, 9, 4),
(65, 8, 8),
(65, 7, 8),
(65, 42, 6),
(65, 44, 4),
(65, 4, 4),
(65, 22, 6),
(65, 48, 6),
(65, 33, 6),
(66, 8, 4),
(66, 7, 4),
(66, 42, 4),
(66, 22, 3),
(66, 12, 2),
(66, 33, 4),
(67, 8, 16),
(67, 7, 16),
(67, 42, 16),
(67, 22, 8),
(67, 44, 6),
(67, 4, 4),
(67, 41, 7),
(67, 12, 3),
(67, 48, 20),
(67, 6, 16),
(67, 33, 16),
(67, 9, 4),
(68, 14, 30),
(68, 20, 16),
(68, 19, 10),
(68, 23, 18),
(68, 17, 16),
(68, 21, 16),
(68, 28, 10),
(69, 14, 6),
(70, 8, 8),
(70, 7, 5),
(70, 42, 5),
(70, 22, 5),
(70, 44, 5),
(70, 41, 5),
(70, 37, 3),
(70, 4, 3),
(70, 12, 3),
(70, 48, 20),
(70, 6, 15),
(70, 33, 20),
(70, 9, 2),
(71, 8, 3),
(71, 7, 4),
(71, 42, 2),
(71, 22, 2),
(71, 4, 1),
(71, 12, 1),
(71, 33, 4),
(72, 8, 8),
(72, 7, 8),
(72, 42, 6),
(72, 44, 4),
(72, 4, 4),
(72, 22, 6),
(72, 48, 5),
(72, 33, 6),
(73, 8, 18),
(73, 7, 18),
(73, 42, 16),
(73, 22, 8),
(73, 44, 6),
(73, 4, 4),
(73, 41, 6),
(73, 12, 3),
(73, 48, 18),
(73, 6, 20),
(73, 33, 10),
(73, 9, 4),
(74, 8, 6),
(74, 7, 6),
(74, 42, 3),
(74, 22, 4),
(74, 37, 2),
(74, 33, 5),
(74, 6, 5),
(75, 14, 6),
(75, 18, 6),
(75, 25, 4),
(75, 27, 4),
(75, 20, 6),
(75, 19, 6),
(75, 24, 5),
(75, 23, 8),
(75, 17, 6),
(75, 21, 6),
(75, 16, 4),
(75, 26, 4),
(76, 8, 5),
(76, 7, 5),
(76, 42, 4),
(76, 22, 3),
(76, 12, 2),
(76, 33, 5),
(77, 8, 15),
(77, 7, 15),
(77, 42, 10),
(77, 22, 8),
(77, 44, 8),
(77, 41, 10),
(77, 37, 3),
(77, 4, 5),
(77, 12, 3),
(77, 48, 30),
(77, 6, 25),
(77, 33, 25),
(77, 9, 5),
(78, 8, 6),
(78, 7, 6),
(78, 42, 3),
(78, 22, 3),
(78, 37, 2),
(78, 4, 2),
(78, 33, 5),
(78, 6, 5),
(79, 8, 7),
(79, 7, 8),
(79, 42, 6),
(79, 44, 4),
(79, 4, 3),
(79, 22, 6),
(79, 48, 5),
(79, 33, 6),
(80, 8, 18),
(80, 7, 18),
(80, 42, 16),
(80, 22, 8),
(80, 44, 6),
(80, 4, 4),
(80, 41, 6),
(80, 12, 3),
(80, 48, 18),
(80, 6, 20),
(80, 33, 10),
(80, 9, 4),
(81, 14, 12),
(81, 25, 5),
(81, 24, 4),
(81, 23, 4),
(81, 17, 2),
(81, 21, 2),
(81, 16, 2),
(81, 2, 1),
(81, 26, 1),
(82, 8, 7),
(82, 7, 8),
(82, 42, 5),
(82, 4, 6),
(82, 44, 4),
(82, 22, 7),
(82, 6, 12),
(82, 9, 4),
(82, 5, 3),
(82, 12, 5),
(82, 33, 3),
(82, 48, 2),
(83, 14, 2),
(83, 25, 1),
(83, 27, 1),
(83, 19, 1),
(83, 24, 2),
(83, 23, 5),
(83, 17, 2),
(83, 21, 2),
(83, 2, 1),
(83, 26, 3),
(84, 14, 15),
(84, 20, 10),
(84, 19, 6),
(84, 23, 12),
(84, 17, 10),
(84, 21, 8),
(84, 28, 8),
(85, 14, 4),
(85, 18, 3),
(85, 25, 2),
(85, 27, 3),
(85, 20, 3),
(85, 19, 3),
(85, 24, 2),
(85, 23, 5),
(85, 17, 3),
(85, 21, 3),
(85, 16, 3),
(85, 26, 3),
(86, 40, 3),
(86, 39, 3),
(86, 43, 3),
(86, 45, 2),
(86, 55, 2),
(86, 38, 2),
(86, 47, 2),
(87, 8, 4),
(87, 7, 4),
(87, 42, 2),
(87, 22, 2),
(87, 37, 2),
(87, 4, 2),
(87, 33, 4),
(87, 6, 5),
(88, 8, 15),
(88, 7, 15),
(88, 42, 15),
(88, 22, 10),
(88, 44, 8),
(88, 41, 10),
(88, 37, 2),
(88, 4, 5),
(88, 12, 3),
(88, 48, 30),
(88, 6, 20),
(88, 33, 25),
(88, 9, 5),
(89, 8, 4),
(89, 7, 4),
(89, 42, 2),
(89, 22, 2),
(89, 4, 2),
(89, 12, 2),
(89, 48, 4),
(89, 33, 4),
(90, 8, 8),
(90, 7, 8),
(90, 42, 6),
(90, 44, 4),
(90, 4, 2),
(90, 22, 6),
(90, 33, 6),
(91, 8, 18),
(91, 7, 8),
(91, 42, 16),
(91, 22, 8),
(91, 44, 6),
(91, 4, 4),
(91, 41, 6),
(91, 12, 3),
(91, 48, 18),
(91, 6, 20),
(91, 33, 12),
(91, 9, 4),
(92, 8, 4),
(92, 7, 4),
(92, 42, 4),
(92, 22, 3),
(92, 12, 3),
(92, 33, 4),
(93, 8, 6),
(93, 7, 6),
(93, 42, 16),
(93, 22, 6),
(93, 44, 6),
(93, 4, 6),
(93, 41, 8),
(93, 12, 4),
(93, 48, 20),
(93, 6, 12),
(93, 33, 12),
(93, 9, 4),
(94, 8, 8),
(94, 7, 5),
(94, 42, 10),
(94, 22, 8),
(94, 44, 8),
(94, 41, 10),
(94, 37, 3),
(94, 4, 5),
(94, 12, 3),
(94, 48, 25),
(94, 6, 15),
(94, 33, 25),
(94, 9, 3),
(95, 8, 16),
(95, 7, 16),
(95, 42, 10),
(95, 4, 12),
(95, 44, 6),
(95, 22, 12),
(95, 6, 22),
(95, 9, 8),
(95, 5, 6),
(95, 12, 8),
(95, 33, 6),
(95, 48, 1),
(96, 8, 8),
(96, 7, 8),
(96, 42, 6),
(96, 44, 4),
(96, 4, 2),
(96, 22, 5),
(96, 33, 6),
(97, 14, 4),
(97, 18, 5),
(97, 25, 3),
(97, 27, 4),
(97, 20, 5),
(97, 19, 5),
(97, 24, 4),
(97, 23, 7),
(97, 17, 5),
(97, 21, 5),
(97, 16, 5),
(97, 26, 5),
(98, 14, 14),
(98, 25, 7),
(98, 24, 6),
(98, 23, 6),
(98, 17, 2),
(98, 21, 2),
(98, 16, 2),
(98, 2, 1),
(98, 26, 2),
(99, 14, 15),
(99, 20, 18),
(99, 19, 8),
(99, 23, 18),
(99, 17, 18),
(99, 21, 10),
(99, 28, 10),
(99, 18, 8),
(99, 2, 8),
(99, 16, 8),
(99, 44, 8),
(100, 14, 2),
(100, 25, 2),
(100, 27, 1),
(100, 19, 1),
(100, 24, 2),
(100, 23, 5),
(100, 17, 2),
(100, 21, 2),
(100, 2, 1),
(100, 44, 4),
(101, 8, 4),
(101, 7, 4),
(101, 42, 2),
(101, 22, 2),
(101, 37, 2),
(101, 4, 2),
(101, 33, 3),
(101, 6, 4),
(102, 8, 6),
(102, 7, 6),
(102, 42, 4),
(102, 22, 4),
(102, 37, 3),
(102, 4, 2),
(102, 33, 6),
(102, 6, 6),
(103, 8, 4),
(103, 7, 4),
(103, 42, 2),
(103, 22, 2),
(103, 4, 2),
(103, 12, 2),
(103, 48, 2),
(103, 33, 4),
(104, 8, 15),
(104, 7, 15),
(104, 42, 15),
(104, 22, 6),
(104, 44, 6),
(104, 41, 12),
(104, 37, 4),
(104, 4, 4),
(104, 12, 5),
(104, 48, 30),
(104, 6, 10),
(104, 33, 25),
(104, 9, 5),
(105, 8, 10),
(105, 7, 10),
(105, 42, 4),
(105, 22, 4),
(105, 33, 4),
(106, 8, 8),
(106, 7, 4),
(106, 42, 5),
(106, 22, 3),
(106, 44, 4),
(106, 4, 2),
(106, 41, 4),
(106, 37, 1),
(106, 12, 3),
(106, 6, 5),
(106, 33, 5),
(106, 9, 4),
(107, 47, 2),
(107, 55, 2),
(107, 38, 2),
(107, 43, 3),
(107, 40, 3),
(107, 45, 2),
(107, 39, 3),
(108, 8, 7),
(108, 7, 8),
(108, 42, 6),
(108, 44, 4),
(108, 4, 3),
(108, 22, 6),
(108, 48, 3),
(108, 33, 6),
(109, 8, 6),
(109, 7, 6),
(109, 42, 4),
(109, 22, 4),
(109, 37, 3),
(109, 4, 2),
(109, 33, 6),
(109, 6, 6),
(110, 8, 16),
(110, 7, 16),
(110, 42, 10),
(110, 4, 12),
(110, 44, 6),
(110, 22, 12),
(110, 6, 22),
(110, 9, 8),
(110, 5, 6),
(110, 12, 8),
(110, 33, 6),
(110, 48, 1),
(111, 14, 15),
(111, 20, 18),
(111, 19, 8),
(111, 23, 18),
(111, 17, 18),
(111, 21, 10),
(111, 28, 10),
(111, 18, 8),
(111, 2, 8),
(112, 8, 8),
(112, 7, 8),
(112, 42, 5),
(112, 44, 3),
(112, 4, 4),
(112, 22, 6),
(112, 48, 4),
(112, 33, 6),
(113, 8, 8),
(113, 7, 8),
(113, 42, 8),
(113, 22, 4),
(113, 44, 4),
(113, 4, 4),
(113, 41, 6),
(113, 37, 2),
(113, 12, 2),
(113, 48, 16),
(113, 6, 12),
(113, 33, 12),
(113, 9, 4),
(114, 14, 18),
(114, 25, 7),
(114, 24, 6),
(114, 23, 7),
(114, 17, 2),
(114, 21, 2),
(114, 16, 3),
(114, 2, 3),
(114, 26, 2),
(115, 14, 2),
(115, 25, 2),
(115, 27, 1),
(115, 19, 1),
(115, 24, 2),
(115, 23, 5),
(115, 17, 2),
(115, 21, 2),
(115, 2, 1),
(115, 26, 4),
(116, 8, 15),
(116, 7, 15),
(116, 42, 15),
(116, 22, 10),
(116, 44, 10),
(116, 41, 8),
(116, 37, 3),
(116, 4, 3),
(116, 12, 3),
(116, 48, 20),
(116, 6, 25),
(116, 33, 25),
(116, 9, 3),
(117, 14, 4),
(117, 18, 5),
(117, 25, 5),
(117, 20, 5),
(117, 19, 6),
(117, 17, 4),
(117, 16, 5),
(117, 26, 4),
(117, 23, 7),
(117, 27, 3),
(117, 21, 6),
(118, 8, 6),
(118, 7, 6),
(118, 42, 4),
(118, 22, 4),
(118, 37, 3),
(118, 4, 2),
(118, 33, 4),
(118, 6, 7),
(119, 8, 15),
(119, 7, 15),
(119, 42, 10),
(119, 22, 10),
(119, 44, 8),
(119, 41, 10),
(119, 37, 2),
(119, 4, 5),
(119, 12, 3),
(119, 48, 30),
(119, 6, 20),
(119, 33, 25),
(119, 9, 5),
(120, 8, 3),
(120, 7, 3),
(120, 42, 2),
(120, 22, 2),
(120, 4, 2),
(120, 12, 1),
(120, 33, 2),
(121, 8, 10),
(121, 7, 10),
(121, 42, 10),
(121, 22, 6),
(121, 44, 6),
(121, 4, 6),
(121, 41, 6),
(121, 37, 3),
(121, 12, 3),
(121, 48, 16),
(121, 6, 12),
(121, 33, 12),
(121, 9, 4),
(122, 40, 3),
(122, 39, 3),
(122, 43, 3),
(122, 47, 2),
(122, 55, 2),
(122, 38, 2),
(122, 45, 2),
(123, 8, 5),
(123, 7, 5),
(123, 42, 2),
(123, 22, 2),
(123, 33, 2),
(124, 8, 8),
(124, 7, 8),
(124, 42, 5),
(124, 44, 3),
(124, 4, 4),
(124, 22, 6),
(124, 48, 2),
(124, 33, 6),
(125, 8, 3),
(125, 7, 3),
(125, 42, 1),
(125, 22, 1),
(125, 4, 1),
(125, 33, 3),
(126, 8, 7),
(126, 7, 8),
(126, 42, 5),
(126, 44, 3),
(126, 4, 4),
(126, 22, 6),
(126, 48, 2),
(126, 33, 7),
(127, 8, 5),
(127, 7, 5),
(127, 42, 3),
(127, 22, 2),
(127, 37, 2),
(127, 4, 2),
(127, 33, 4),
(127, 6, 6),
(128, 8, 10),
(128, 7, 10),
(128, 42, 4),
(128, 22, 4),
(128, 33, 4),
(129, 8, 15),
(129, 7, 15),
(129, 42, 10),
(129, 22, 8),
(129, 44, 8),
(129, 41, 8),
(129, 37, 5),
(129, 4, 5),
(129, 12, 3),
(129, 48, 30),
(129, 6, 20),
(129, 33, 25),
(129, 9, 5),
(130, 8, 18),
(130, 7, 18),
(130, 42, 18),
(130, 22, 6),
(130, 44, 6),
(130, 4, 6),
(130, 41, 10),
(130, 37, 3),
(130, 12, 6),
(130, 48, 30),
(130, 6, 30),
(130, 33, 15),
(130, 9, 4),
(131, 8, 10),
(131, 7, 10),
(131, 42, 10),
(131, 22, 10),
(131, 44, 10),
(131, 41, 10),
(131, 37, 2),
(131, 4, 5),
(131, 12, 3),
(131, 48, 20),
(131, 6, 20),
(131, 33, 25),
(131, 9, 5),
(132, 8, 4),
(132, 7, 4),
(132, 42, 2),
(132, 22, 4),
(132, 37, 2),
(132, 4, 2),
(132, 33, 4),
(132, 6, 4),
(133, 8, 8),
(133, 7, 8),
(133, 42, 4),
(133, 44, 3),
(133, 4, 3),
(133, 22, 6),
(133, 48, 2),
(133, 33, 7),
(134, 8, 12),
(134, 7, 10),
(134, 42, 10),
(134, 22, 4),
(134, 44, 6),
(134, 4, 3),
(134, 41, 10),
(134, 37, 3),
(134, 12, 4),
(134, 48, 8),
(134, 33, 12),
(134, 9, 6),
(135, 14, 12),
(135, 25, 5),
(135, 24, 4),
(135, 23, 4),
(135, 17, 2),
(135, 21, 1),
(135, 16, 2),
(135, 2, 2),
(135, 26, 2),
(136, 2, 1),
(136, 14, 2),
(136, 25, 1),
(136, 27, 1),
(136, 19, 1),
(136, 24, 2),
(136, 23, 4),
(136, 17, 2),
(136, 21, 2),
(136, 26, 3),
(137, 8, 7),
(137, 7, 7),
(137, 42, 5),
(137, 4, 6),
(137, 44, 4),
(147, 21, 2),
(137, 6, 14),
(137, 9, 4),
(137, 5, 3),
(137, 12, 6),
(137, 33, 3),
(137, 48, 2),
(138, 8, 10),
(138, 7, 10),
(138, 42, 4),
(147, 24, 6),
(138, 33, 4),
(139, 8, 4),
(139, 7, 4),
(139, 42, 2),
(147, 17, 3),
(139, 37, 2),
(139, 4, 2),
(139, 33, 4),
(139, 6, 4),
(140, 14, 2),
(140, 18, 3),
(140, 25, 2),
(140, 27, 2),
(140, 20, 3),
(140, 19, 3),
(140, 24, 2),
(140, 23, 4),
(140, 17, 3),
(140, 21, 4),
(140, 16, 4),
(140, 26, 3),
(141, 2, 6),
(141, 16, 6),
(141, 14, 10),
(141, 18, 6),
(141, 20, 6),
(141, 19, 6),
(141, 23, 6),
(141, 17, 6),
(141, 21, 6),
(141, 26, 6),
(142, 8, 4),
(142, 7, 4),
(142, 42, 1),
(147, 23, 6),
(142, 4, 1),
(142, 12, 1),
(142, 48, 2),
(142, 33, 4),
(143, 8, 10),
(143, 7, 10),
(143, 42, 8),
(157, 42, 6),
(143, 44, 6),
(143, 4, 3),
(143, 41, 10),
(143, 37, 3),
(143, 12, 4),
(143, 48, 8),
(143, 6, 12),
(143, 33, 6),
(143, 9, 6),
(144, 8, 15),
(144, 7, 16),
(144, 42, 15),
(147, 25, 8),
(144, 44, 10),
(144, 41, 15),
(144, 37, 4),
(144, 4, 6),
(144, 12, 6),
(144, 48, 25),
(144, 6, 12),
(144, 33, 13),
(144, 9, 6),
(145, 8, 7),
(145, 7, 8),
(145, 42, 5),
(145, 44, 4),
(145, 4, 3),
(147, 14, 16),
(145, 48, 3),
(145, 33, 6),
(146, 47, 2),
(147, 2, 2),
(146, 38, 2),
(146, 43, 3),
(146, 40, 3),
(146, 39, 3),
(146, 45, 2),
(147, 26, 2),
(148, 14, 4),
(148, 18, 4),
(148, 25, 3),
(148, 20, 5),
(148, 27, 4),
(148, 19, 5),
(148, 24, 3),
(148, 23, 7),
(148, 17, 4),
(148, 21, 6),
(157, 7, 6),
(148, 26, 4),
(149, 2, 8),
(157, 8, 6),
(149, 18, 8),
(149, 23, 12),
(149, 17, 10),
(149, 21, 8),
(149, 26, 4),
(158, 22, 4),
(158, 33, 4),
(158, 7, 10),
(159, 42, 15),
(157, 33, 5),
(157, 22, 7),
(159, 8, 15),
(158, 42, 4),
(159, 7, 15),
(158, 8, 10),
(159, 22, 10),
(157, 48, 2),
(151, 8, 14),
(151, 7, 16),
(151, 42, 10),
(151, 4, 12),
(151, 44, 8),
(151, 22, 12),
(151, 6, 26),
(151, 9, 8),
(151, 5, 6),
(151, 12, 10),
(151, 33, 6),
(151, 48, 2),
(152, 8, 10),
(152, 7, 12),
(152, 42, 15),
(152, 22, 12),
(152, 44, 8),
(157, 4, 3),
(152, 4, 8),
(152, 12, 8),
(152, 48, 25),
(152, 6, 20),
(152, 33, 15),
(152, 9, 6),
(153, 8, 4),
(153, 7, 4),
(153, 42, 2),
(153, 22, 2),
(153, 37, 3),
(153, 4, 2),
(153, 33, 3),
(153, 6, 4),
(154, 8, 12),
(154, 7, 12),
(154, 42, 10),
(154, 22, 4),
(154, 44, 6),
(154, 4, 4),
(157, 44, 4),
(154, 37, 3),
(154, 12, 4),
(154, 48, 12),
(154, 6, 12),
(154, 33, 6),
(154, 9, 2),
(155, 8, 4),
(155, 7, 6),
(155, 42, 4),
(155, 44, 3),
(155, 4, 4),
(155, 22, 6),
(155, 48, 2),
(155, 33, 5),
(156, 14, 2),
(156, 25, 2),
(156, 27, 1),
(156, 19, 1),
(156, 24, 2),
(156, 23, 5),
(156, 17, 2),
(156, 21, 2),
(156, 2, 1),
(156, 26, 4),
(159, 44, 10),
(159, 41, 15),
(159, 37, 3),
(159, 4, 5),
(159, 12, 5),
(159, 48, 30),
(159, 6, 15),
(159, 33, 25),
(159, 9, 3),
(160, 8, 4),
(160, 7, 4),
(160, 42, 2),
(160, 22, 2),
(160, 4, 2),
(160, 12, 2),
(160, 48, 2),
(160, 33, 4),
(161, 8, 10),
(161, 7, 8),
(161, 42, 6),
(161, 22, 2),
(161, 44, 4),
(161, 4, 3),
(161, 41, 8),
(161, 12, 3),
(161, 48, 12),
(161, 6, 8),
(161, 33, 12),
(161, 9, 7),
(162, 8, 4),
(162, 7, 4),
(162, 42, 2),
(162, 22, 2),
(162, 37, 2),
(162, 4, 2),
(162, 33, 3),
(162, 6, 4),
(163, 47, 2),
(163, 55, 2),
(163, 38, 2),
(163, 43, 3),
(163, 40, 3),
(163, 45, 2),
(163, 39, 3),
(164, 14, 4),
(164, 19, 1),
(164, 25, 3),
(164, 24, 3),
(164, 21, 1),
(164, 2, 2),
(164, 26, 4),
(164, 17, 2),
(164, 23, 6),
(165, 24, 7),
(165, 25, 6),
(165, 14, 14),
(165, 23, 6),
(165, 17, 2),
(165, 21, 2),
(165, 16, 3),
(165, 2, 3),
(165, 26, 3),
(166, 14, 6),
(166, 18, 5),
(166, 25, 3),
(166, 27, 4),
(166, 20, 4),
(166, 19, 5),
(166, 24, 5),
(166, 23, 8),
(166, 17, 4),
(166, 21, 6),
(166, 16, 5),
(166, 26, 5),
(167, 8, 14),
(167, 7, 16),
(167, 42, 10),
(167, 4, 12),
(167, 44, 8),
(167, 22, 12),
(167, 6, 26),
(167, 9, 8),
(167, 5, 6),
(167, 12, 10),
(167, 33, 6),
(167, 48, 2),
(168, 8, 4),
(168, 7, 4),
(168, 42, 3),
(168, 22, 2),
(168, 37, 2),
(168, 4, 2),
(168, 33, 4),
(168, 6, 6),
(169, 8, 10),
(169, 7, 10),
(169, 42, 10),
(169, 22, 5),
(169, 44, 6),
(169, 41, 6),
(169, 37, 2),
(169, 4, 8),
(169, 12, 3),
(169, 48, 30),
(169, 6, 20),
(169, 33, 25),
(169, 9, 4),
(170, 8, 7),
(170, 7, 7),
(170, 42, 6),
(170, 44, 4),
(170, 4, 3),
(170, 22, 6),
(170, 48, 2),
(170, 33, 5),
(171, 8, 14),
(171, 7, 14),
(171, 42, 14),
(171, 22, 6),
(171, 44, 4),
(171, 4, 4),
(171, 41, 8),
(171, 12, 6),
(171, 48, 30),
(171, 6, 30),
(171, 33, 15),
(171, 9, 4),
(172, 2, 8),
(172, 16, 6),
(172, 18, 8),
(172, 23, 12),
(172, 17, 10),
(172, 21, 8),
(172, 26, 4),
(173, 8, 6),
(173, 7, 6),
(173, 42, 2),
(173, 22, 2),
(173, 4, 3),
(173, 33, 5),
(173, 6, 6),
(174, 8, 3),
(174, 7, 2),
(174, 42, 2),
(174, 22, 2),
(174, 4, 2),
(174, 12, 1),
(174, 33, 3),
(175, 8, 15),
(175, 7, 15),
(175, 42, 15),
(175, 22, 10),
(175, 44, 10),
(175, 41, 10),
(175, 37, 2),
(175, 4, 5),
(175, 12, 4),
(175, 48, 30),
(175, 6, 15),
(175, 33, 25),
(175, 9, 5),
(176, 8, 5),
(176, 7, 5),
(176, 42, 2),
(176, 22, 2),
(176, 33, 2),
(177, 8, 12),
(177, 7, 12),
(177, 42, 6),
(177, 22, 6),
(177, 44, 5),
(177, 4, 4),
(177, 41, 10),
(177, 37, 2),
(177, 12, 2),
(177, 48, 8),
(177, 6, 8),
(177, 33, 8),
(177, 9, 4),
(178, 8, 8),
(178, 7, 7),
(178, 42, 6),
(178, 44, 3),
(178, 4, 3),
(178, 22, 6),
(178, 48, 6),
(178, 33, 4),
(179, 39, 3),
(179, 40, 3),
(179, 43, 3),
(179, 45, 2),
(179, 47, 2),
(179, 55, 2),
(179, 38, 2),
(180, 2, 8),
(180, 16, 6),
(180, 18, 8),
(180, 23, 20),
(180, 17, 16),
(180, 21, 10),
(180, 26, 6),
(180, 14, 20),
(180, 20, 18),
(180, 19, 8),
(181, 14, 6),
(182, 14, 8),
(182, 18, 5),
(182, 25, 5),
(182, 27, 4),
(182, 20, 5),
(182, 19, 5),
(182, 24, 5),
(182, 23, 8),
(182, 17, 5),
(182, 21, 6),
(182, 16, 5),
(182, 26, 5),
(183, 8, 5),
(183, 7, 5),
(183, 42, 2),
(183, 22, 3),
(183, 37, 3),
(183, 4, 2),
(183, 33, 5),
(183, 6, 6),
(184, 8, 15),
(184, 7, 15),
(184, 42, 15),
(184, 22, 10),
(184, 44, 10),
(184, 41, 10),
(184, 37, 3),
(184, 4, 4),
(184, 12, 5),
(184, 48, 30),
(184, 6, 15),
(184, 33, 15),
(184, 9, 5),
(185, 8, 3),
(185, 7, 2),
(185, 42, 2),
(185, 22, 2),
(185, 4, 2),
(185, 12, 1),
(185, 48, 2),
(185, 33, 3),
(186, 8, 8),
(186, 7, 8),
(186, 42, 6),
(186, 44, 3),
(186, 4, 3),
(186, 22, 6),
(186, 48, 6),
(186, 33, 6),
(187, 8, 14),
(187, 7, 14),
(187, 42, 8),
(187, 22, 6),
(187, 44, 8),
(187, 4, 4),
(187, 41, 10),
(187, 37, 2),
(187, 12, 6),
(187, 48, 8),
(187, 6, 20),
(187, 33, 15),
(187, 9, 8),
(188, 8, 10),
(188, 7, 10),
(188, 42, 4),
(188, 22, 4),
(188, 33, 4),
(189, 8, 5),
(189, 7, 5),
(189, 42, 2),
(189, 22, 2),
(189, 37, 2),
(189, 4, 2),
(189, 33, 4),
(189, 6, 5),
(190, 8, 10),
(190, 7, 10),
(190, 42, 10),
(190, 22, 6),
(190, 44, 6),
(190, 4, 4),
(190, 41, 6),
(190, 37, 2),
(190, 12, 4),
(190, 48, 16),
(190, 6, 12),
(190, 33, 12),
(190, 9, 4),
(191, 8, 8),
(191, 7, 8),
(191, 42, 5),
(191, 44, 4),
(191, 4, 3),
(191, 22, 6),
(191, 48, 4),
(191, 33, 6),
(192, 8, 10),
(192, 7, 10),
(192, 42, 8),
(192, 22, 8),
(192, 44, 10),
(192, 41, 12),
(192, 37, 3),
(192, 4, 8),
(192, 12, 5),
(192, 48, 20),
(192, 6, 10),
(192, 33, 10),
(192, 9, 4),
(193, 14, 14),
(193, 25, 6),
(193, 24, 6),
(193, 23, 4),
(193, 17, 3),
(193, 21, 2),
(193, 16, 2),
(193, 2, 2),
(193, 26, 2),
(194, 14, 2),
(194, 25, 2),
(194, 24, 2),
(194, 23, 5),
(194, 17, 2),
(194, 21, 2),
(194, 2, 2),
(194, 26, 4),
(194, 19, 1),
(195, 14, 2),
(195, 18, 4),
(195, 25, 2),
(195, 20, 3),
(195, 19, 3),
(195, 24, 2),
(195, 23, 4),
(195, 17, 4),
(195, 21, 4),
(195, 16, 4),
(195, 26, 4),
(196, 47, 2),
(196, 55, 2),
(196, 38, 2),
(196, 43, 3),
(196, 40, 3),
(196, 45, 2),
(196, 39, 3),
(197, 8, 7),
(197, 7, 7),
(197, 42, 5),
(197, 4, 6),
(197, 44, 4),
(197, 22, 6),
(197, 6, 14),
(197, 9, 4),
(197, 5, 4),
(197, 12, 6),
(197, 33, 3),
(197, 48, 2),
(198, 2, 4),
(198, 16, 4),
(198, 18, 6),
(198, 20, 6),
(198, 19, 6),
(198, 23, 8),
(198, 17, 6),
(198, 21, 6),
(198, 26, 4),
(199, 8, 12),
(199, 7, 12),
(199, 42, 10),
(199, 22, 5),
(199, 44, 5),
(199, 41, 8),
(199, 37, 4),
(199, 4, 5),
(199, 12, 2),
(199, 48, 30),
(199, 6, 20),
(199, 33, 25),
(199, 9, 4),
(200, 8, 3),
(200, 7, 3),
(200, 42, 2),
(200, 22, 2),
(200, 4, 2),
(200, 12, 2),
(200, 33, 3),
(201, 8, 10),
(201, 7, 10),
(201, 42, 4),
(201, 22, 4),
(201, 33, 4),
(202, 8, 12),
(202, 7, 10),
(202, 42, 10),
(202, 22, 8),
(202, 44, 6),
(202, 4, 4),
(202, 41, 6),
(202, 37, 2),
(202, 12, 4),
(202, 48, 12),
(202, 6, 12),
(202, 33, 12),
(202, 9, 2),
(203, 8, 8),
(203, 7, 7),
(203, 42, 6),
(203, 44, 3),
(203, 4, 3),
(203, 22, 6),
(203, 48, 2),
(203, 33, 6),
(204, 8, 4),
(204, 7, 4),
(204, 42, 3),
(204, 22, 2),
(204, 37, 2),
(204, 4, 2),
(204, 33, 3),
(204, 6, 5),
(205, 14, 16),
(205, 25, 8),
(205, 24, 6),
(205, 23, 6),
(205, 17, 2),
(205, 21, 2),
(205, 16, 3),
(205, 2, 3),
(205, 26, 2),
(206, 14, 4),
(206, 25, 3),
(206, 27, 1),
(206, 19, 1),
(206, 24, 3),
(206, 23, 4),
(206, 21, 2),
(206, 17, 2),
(206, 2, 1),
(206, 26, 3),
(207, 8, 4),
(207, 7, 4),
(207, 42, 2),
(207, 22, 2),
(207, 37, 2),
(207, 4, 2),
(207, 33, 3),
(207, 6, 4),
(208, 14, 6),
(208, 18, 3),
(208, 25, 3),
(208, 27, 4),
(208, 20, 3),
(208, 19, 3),
(208, 24, 3),
(208, 23, 4),
(208, 17, 3),
(208, 21, 3),
(208, 16, 3),
(208, 26, 3),
(209, 8, 14),
(209, 7, 14),
(209, 42, 10),
(209, 4, 10),
(209, 44, 8),
(209, 22, 10),
(209, 6, 24),
(209, 9, 8),
(209, 5, 6),
(209, 12, 10),
(209, 33, 6),
(209, 48, 2),
(210, 8, 15),
(210, 7, 10),
(210, 42, 15),
(210, 22, 5),
(210, 44, 8),
(210, 41, 8),
(210, 4, 3),
(210, 12, 3),
(210, 48, 25),
(210, 6, 20),
(210, 33, 25),
(210, 9, 5),
(211, 2, 4),
(211, 16, 4),
(211, 18, 6),
(211, 20, 6),
(211, 19, 6),
(211, 23, 8),
(211, 17, 6),
(211, 21, 6),
(211, 26, 4),
(211, 28, 8),
(212, 8, 12),
(212, 7, 12),
(212, 42, 12),
(212, 22, 8),
(212, 44, 6),
(212, 4, 6),
(212, 41, 6),
(212, 37, 2),
(212, 12, 4),
(212, 48, 16),
(212, 6, 18),
(212, 33, 12),
(212, 9, 3),
(213, 8, 7),
(213, 7, 8),
(213, 42, 7),
(213, 44, 3),
(213, 4, 3),
(213, 22, 5),
(213, 48, 3),
(213, 33, 6),
(214, 8, 4),
(214, 7, 4),
(214, 42, 2),
(214, 22, 2),
(214, 37, 2),
(214, 4, 2),
(214, 33, 3),
(214, 6, 5),
(215, 8, 10),
(215, 7, 10),
(215, 42, 4),
(215, 22, 4),
(215, 33, 4),
(216, 8, 8),
(216, 7, 8),
(216, 42, 8),
(216, 22, 6),
(216, 44, 4),
(216, 4, 4),
(216, 41, 4),
(216, 37, 2),
(216, 12, 4),
(216, 48, 20),
(216, 6, 12),
(216, 33, 8),
(216, 9, 3),
(217, 8, 7),
(217, 7, 8),
(217, 42, 5),
(217, 44, 3),
(217, 4, 3),
(217, 22, 6),
(217, 33, 6),
(218, 8, 4),
(218, 7, 4),
(218, 42, 2),
(218, 22, 2),
(218, 4, 2),
(218, 12, 2),
(218, 48, 2),
(218, 33, 4),
(219, 8, 15),
(219, 7, 15),
(219, 42, 15),
(219, 22, 10),
(219, 44, 8),
(219, 41, 8),
(219, 37, 3),
(219, 4, 5),
(219, 12, 5),
(219, 48, 30),
(219, 6, 20),
(219, 33, 30),
(219, 9, 4),
(220, 47, 2),
(220, 55, 2),
(220, 38, 2),
(220, 43, 3),
(220, 40, 3),
(220, 45, 2),
(220, 39, 3),
(221, 14, 2),
(221, 25, 1),
(221, 27, 1),
(221, 19, 1),
(221, 24, 1),
(221, 23, 5),
(221, 17, 2),
(221, 21, 2),
(221, 2, 2),
(221, 26, 4),
(222, 2, 6),
(222, 16, 6),
(222, 18, 6),
(222, 20, 4),
(222, 23, 10),
(222, 17, 10),
(222, 21, 8),
(222, 26, 6),
(222, 28, 4),
(223, 14, 10),
(223, 24, 3),
(223, 25, 3),
(223, 23, 6),
(223, 17, 2),
(223, 21, 2),
(223, 16, 2),
(223, 2, 2),
(223, 26, 2),
(224, 14, 6),
(224, 18, 6),
(224, 25, 4),
(224, 27, 4),
(224, 20, 6),
(224, 19, 6),
(224, 24, 5),
(224, 23, 7),
(224, 17, 6),
(224, 21, 6),
(224, 16, 6),
(224, 26, 4),
(225, 8, 15),
(225, 7, 15),
(225, 42, 15),
(225, 22, 10),
(225, 44, 8),
(225, 41, 10),
(225, 37, 3),
(225, 4, 3),
(225, 12, 4),
(225, 48, 30),
(225, 6, 15),
(225, 33, 15),
(225, 9, 4),
(226, 8, 4),
(226, 7, 4),
(226, 42, 3),
(226, 22, 2),
(226, 37, 2),
(226, 4, 2),
(226, 33, 4),
(226, 6, 6),
(227, 8, 14),
(227, 7, 14),
(227, 42, 10),
(227, 4, 10),
(227, 44, 8),
(227, 22, 12),
(227, 6, 22),
(227, 9, 8),
(227, 5, 6),
(227, 12, 8),
(227, 33, 6),
(228, 8, 8),
(228, 7, 8),
(228, 42, 7),
(228, 44, 4),
(228, 4, 2),
(228, 22, 5),
(228, 48, 3),
(228, 33, 6),
(229, 8, 14),
(229, 7, 10),
(229, 42, 10),
(229, 22, 4),
(229, 44, 6),
(229, 4, 4),
(229, 41, 8),
(229, 37, 2),
(229, 12, 4),
(229, 48, 25),
(229, 6, 10),
(229, 33, 8),
(229, 9, 3),
(230, 8, 3),
(230, 7, 3),
(230, 42, 2),
(230, 22, 2),
(230, 4, 1),
(230, 12, 1),
(230, 48, 1),
(230, 33, 3),
(231, 8, 15),
(231, 7, 15),
(231, 42, 15),
(231, 22, 10),
(231, 44, 10),
(231, 41, 10),
(231, 37, 3),
(231, 4, 6),
(231, 12, 5),
(231, 48, 30),
(231, 6, 20),
(231, 33, 20),
(231, 9, 6),
(232, 8, 8),
(232, 7, 8),
(232, 42, 7),
(232, 44, 4),
(232, 4, 3),
(232, 22, 5),
(232, 48, 4),
(232, 33, 6),
(233, 8, 5),
(233, 7, 5),
(233, 42, 2),
(233, 22, 2),
(233, 33, 2),
(234, 8, 16),
(234, 7, 18),
(234, 42, 16),
(234, 22, 6),
(234, 44, 4),
(234, 4, 4),
(234, 41, 8),
(234, 37, 2),
(234, 12, 6),
(234, 48, 25),
(234, 6, 20),
(234, 33, 15),
(234, 9, 3),
(235, 8, 5),
(235, 7, 5),
(235, 42, 3),
(235, 22, 3),
(235, 37, 2),
(235, 4, 2),
(235, 33, 4),
(235, 6, 5),
(236, 40, 3),
(236, 39, 3),
(236, 43, 3),
(236, 47, 2),
(236, 55, 2),
(236, 38, 2),
(236, 45, 2),
(237, 2, 8),
(237, 16, 6),
(237, 18, 10),
(237, 23, 20),
(237, 17, 16),
(237, 21, 10),
(237, 26, 6),
(237, 14, 20),
(237, 20, 18),
(237, 19, 10),
(238, 14, 6),
(239, 14, 8),
(239, 18, 5),
(239, 25, 5),
(239, 27, 4),
(239, 20, 5),
(239, 19, 5),
(239, 24, 5),
(239, 23, 8),
(239, 17, 5),
(239, 21, 6),
(239, 16, 5),
(239, 26, 5),
(240, 8, 4),
(240, 7, 5),
(240, 42, 3),
(240, 22, 3),
(240, 37, 3),
(240, 4, 3),
(240, 33, 5),
(240, 6, 6),
(241, 8, 10),
(241, 7, 10),
(241, 42, 4),
(241, 22, 4),
(241, 33, 4),
(242, 8, 10),
(242, 7, 12),
(242, 42, 12),
(242, 22, 8),
(242, 44, 8),
(242, 41, 12),
(242, 37, 3),
(242, 4, 5),
(242, 12, 5),
(242, 48, 25),
(242, 6, 20),
(242, 33, 20),
(242, 9, 5),
(243, 8, 3),
(243, 7, 3),
(243, 42, 2),
(243, 22, 2),
(243, 4, 2),
(243, 12, 2),
(243, 48, 2),
(243, 33, 4),
(244, 8, 12),
(244, 7, 10),
(244, 42, 16),
(244, 22, 8),
(244, 44, 6),
(244, 4, 4),
(244, 41, 10),
(244, 37, 2),
(244, 12, 6),
(244, 48, 8),
(244, 6, 15),
(244, 33, 10),
(244, 9, 3),
(245, 8, 5),
(245, 7, 7),
(245, 42, 5),
(245, 44, 4),
(245, 4, 3),
(245, 22, 4),
(245, 48, 4),
(245, 33, 5),
(246, 8, 12),
(246, 7, 12),
(246, 42, 16),
(246, 22, 6),
(246, 44, 6),
(246, 4, 4),
(246, 41, 6),
(246, 37, 2),
(246, 12, 2),
(246, 48, 16),
(246, 6, 12),
(246, 33, 12),
(246, 9, 2),
(247, 8, 15),
(247, 7, 15),
(247, 42, 15),
(247, 22, 8),
(247, 44, 10),
(247, 41, 10),
(247, 37, 3),
(247, 4, 5),
(247, 12, 3),
(247, 48, 30),
(247, 6, 25),
(247, 33, 25),
(247, 9, 5),
(248, 8, 6),
(248, 7, 7),
(248, 42, 6),
(248, 44, 3),
(248, 4, 3),
(248, 22, 4),
(248, 33, 6),
(249, 8, 5),
(249, 7, 5),
(249, 42, 2),
(249, 22, 3),
(249, 37, 3),
(249, 4, 3),
(249, 33, 4),
(249, 6, 5),
(250, 14, 2),
(250, 25, 1),
(250, 24, 1),
(250, 23, 3),
(250, 21, 1),
(250, 2, 1),
(250, 26, 2),
(250, 17, 2),
(251, 14, 12),
(251, 25, 5),
(251, 24, 5),
(251, 23, 5),
(251, 26, 2),
(251, 16, 2),
(251, 17, 2),
(251, 2, 2),
(251, 21, 2),
(252, 2, 4),
(252, 16, 4),
(252, 18, 6),
(252, 20, 6),
(252, 19, 6),
(252, 23, 8),
(252, 17, 6),
(252, 21, 6),
(252, 26, 4),
(253, 14, 2),
(253, 18, 4),
(253, 25, 2),
(253, 27, 3),
(253, 20, 4),
(253, 19, 4),
(253, 24, 2),
(253, 23, 4),
(253, 17, 4),
(253, 21, 4),
(253, 16, 4),
(253, 26, 4),
(254, 8, 8),
(254, 7, 8),
(254, 42, 5),
(254, 4, 6),
(254, 44, 4),
(254, 22, 6),
(254, 6, 14),
(254, 9, 4),
(254, 5, 4),
(254, 12, 5),
(254, 33, 4),
(254, 48, 2),
(255, 8, 10),
(255, 7, 10),
(255, 42, 4),
(255, 22, 4),
(255, 33, 4),
(256, 8, 7),
(256, 7, 7),
(256, 42, 6),
(256, 44, 3),
(256, 4, 3),
(256, 22, 6),
(256, 48, 3),
(256, 33, 6),
(257, 8, 3),
(257, 7, 3),
(257, 42, 2),
(257, 22, 2),
(257, 4, 2),
(257, 12, 2),
(257, 48, 1),
(257, 33, 3),
(258, 8, 14),
(258, 7, 10),
(258, 42, 14),
(258, 22, 6),
(258, 44, 6),
(258, 4, 4),
(258, 41, 6),
(258, 37, 2),
(258, 12, 2),
(258, 48, 12),
(258, 6, 12),
(258, 33, 12),
(258, 9, 2),
(259, 8, 4),
(259, 7, 4),
(259, 42, 3),
(259, 22, 2),
(259, 37, 2),
(259, 4, 2),
(259, 33, 3),
(259, 6, 4),
(260, 8, 15),
(260, 7, 15),
(260, 42, 15),
(260, 22, 8),
(260, 44, 8),
(260, 41, 10),
(260, 37, 4),
(260, 4, 5),
(260, 12, 5),
(260, 48, 20),
(260, 6, 20),
(260, 33, 25),
(260, 9, 5),
(261, 40, 3),
(261, 39, 3),
(261, 43, 3),
(261, 47, 2),
(261, 55, 2),
(261, 38, 2),
(261, 45, 2),
(262, 2, 4),
(262, 16, 4),
(262, 18, 8),
(262, 20, 12),
(262, 19, 4),
(262, 23, 12),
(262, 17, 12),
(262, 21, 8),
(262, 26, 4),
(262, 14, 20),
(262, 28, 6),
(263, 14, 6),
(263, 18, 3),
(263, 25, 4),
(263, 27, 2),
(263, 20, 3),
(263, 19, 3),
(263, 24, 4),
(263, 23, 4),
(263, 17, 2),
(263, 21, 3),
(263, 16, 3),
(263, 26, 3),
(264, 8, 6),
(264, 7, 8),
(264, 42, 6),
(264, 44, 3),
(264, 4, 3),
(264, 22, 6),
(264, 48, 4),
(264, 33, 7),
(265, 8, 14),
(265, 7, 10),
(265, 42, 14),
(265, 22, 3),
(265, 44, 3),
(265, 4, 3),
(265, 41, 3),
(265, 37, 2),
(265, 12, 2),
(265, 48, 12),
(265, 6, 12),
(265, 33, 12),
(265, 9, 2),
(266, 8, 15),
(266, 7, 15),
(266, 42, 12),
(266, 22, 8),
(266, 44, 12),
(266, 41, 15),
(266, 37, 5),
(266, 4, 5),
(266, 12, 5),
(266, 48, 30),
(266, 6, 25),
(266, 33, 25),
(266, 9, 5),
(267, 8, 4),
(267, 7, 4),
(267, 42, 2),
(267, 22, 2),
(267, 37, 2),
(267, 4, 2),
(267, 33, 3),
(267, 6, 4),
(268, 8, 14),
(268, 7, 14),
(268, 42, 10),
(268, 4, 10),
(268, 44, 8),
(268, 22, 12),
(268, 6, 22),
(268, 9, 8),
(268, 5, 6),
(268, 12, 8),
(268, 33, 6),
(268, 48, 2),
(269, 14, 4),
(269, 25, 2),
(269, 24, 2),
(269, 23, 4),
(269, 21, 2),
(269, 2, 1),
(269, 26, 3),
(269, 17, 2),
(270, 14, 18),
(270, 25, 8),
(270, 24, 8),
(270, 23, 7),
(270, 17, 2),
(270, 21, 2),
(270, 16, 3),
(270, 2, 2),
(270, 26, 3),
(271, 47, 2),
(271, 55, 2),
(271, 38, 2),
(271, 43, 3),
(271, 40, 3),
(271, 45, 2),
(271, 39, 3),
(272, 8, 10),
(272, 7, 10),
(272, 42, 4),
(272, 22, 4),
(272, 33, 4),
(273, 8, 12),
(273, 7, 12),
(273, 42, 15),
(273, 22, 10),
(273, 44, 10),
(273, 41, 8),
(273, 4, 5),
(273, 12, 5),
(273, 48, 30),
(273, 6, 20),
(273, 33, 25),
(273, 9, 5),
(274, 8, 5),
(274, 7, 5),
(274, 42, 3),
(274, 22, 3),
(274, 4, 3),
(274, 12, 2),
(274, 48, 3),
(274, 33, 5),
(275, 8, 4),
(275, 7, 4),
(275, 42, 2),
(275, 22, 2),
(275, 37, 2),
(275, 4, 2),
(275, 33, 3),
(275, 6, 5),
(276, 8, 12),
(276, 7, 12),
(276, 42, 8),
(276, 22, 5),
(276, 44, 7),
(276, 4, 4),
(276, 41, 8),
(276, 12, 6),
(276, 48, 8),
(276, 6, 12),
(276, 33, 12),
(276, 9, 7),
(277, 8, 5),
(277, 7, 7),
(277, 42, 6),
(277, 44, 3),
(277, 4, 2),
(277, 22, 6),
(277, 48, 4),
(277, 33, 5),
(278, 8, 5),
(278, 7, 6),
(278, 42, 4),
(278, 22, 3),
(278, 37, 2),
(278, 4, 2),
(278, 33, 4),
(278, 6, 6),
(279, 8, 16),
(279, 7, 14),
(279, 42, 10),
(279, 4, 10),
(279, 44, 8),
(279, 22, 12),
(279, 6, 22),
(279, 9, 8),
(279, 5, 6),
(279, 12, 8),
(279, 33, 6),
(280, 8, 12),
(280, 7, 12),
(280, 42, 12),
(280, 22, 8),
(280, 44, 8),
(280, 41, 12),
(280, 37, 5),
(280, 4, 5),
(280, 12, 8),
(280, 48, 30),
(280, 6, 20),
(280, 33, 20),
(280, 9, 4),
(281, 8, 14),
(281, 7, 15),
(281, 42, 12),
(281, 22, 3),
(281, 44, 3),
(281, 4, 4),
(281, 41, 10),
(281, 37, 3),
(281, 12, 3),
(281, 48, 8),
(281, 6, 10),
(281, 33, 14),
(281, 9, 6),
(282, 14, 16),
(282, 25, 7),
(282, 24, 7),
(282, 23, 7),
(282, 17, 3),
(282, 21, 3),
(282, 16, 3),
(282, 2, 2),
(282, 26, 2),
(283, 14, 6),
(283, 18, 4),
(283, 25, 4),
(283, 27, 3),
(283, 20, 4),
(283, 19, 5),
(283, 24, 5),
(283, 23, 6),
(283, 17, 4),
(283, 21, 6),
(283, 16, 5),
(283, 26, 5),
(284, 14, 2),
(284, 25, 1),
(284, 19, 1),
(284, 24, 2),
(284, 23, 3),
(284, 17, 1),
(284, 21, 2),
(284, 2, 1),
(284, 26, 4),
(285, 2, 6),
(285, 16, 6),
(285, 18, 8),
(285, 20, 4),
(285, 23, 10),
(285, 17, 8),
(285, 21, 6),
(285, 26, 4),
(285, 14, 16),
(285, 28, 4),
(286, 8, 8),
(286, 7, 8),
(286, 42, 5),
(286, 44, 3),
(286, 4, 3),
(286, 22, 6),
(286, 48, 4),
(286, 33, 5),
(287, 8, 5),
(287, 7, 5),
(287, 42, 2),
(287, 22, 2),
(287, 33, 2),
(288, 8, 3),
(288, 7, 3),
(288, 42, 2),
(288, 22, 2),
(288, 4, 2),
(288, 12, 1),
(288, 33, 3),
(289, 8, 12),
(289, 7, 12),
(289, 42, 12),
(289, 22, 6),
(289, 44, 4),
(289, 4, 4),
(289, 41, 6),
(289, 37, 4),
(289, 12, 4),
(289, 48, 24),
(289, 6, 16),
(289, 33, 16),
(289, 9, 4),
(290, 8, 16),
(290, 7, 16),
(290, 42, 14),
(290, 22, 12),
(290, 44, 12),
(290, 41, 12),
(290, 37, 4),
(290, 4, 7),
(290, 12, 7),
(290, 48, 35),
(290, 6, 25),
(290, 33, 25),
(290, 9, 6),
(291, 8, 5),
(291, 7, 6),
(291, 42, 4),
(291, 22, 4),
(291, 37, 2),
(291, 4, 2),
(291, 33, 6),
(291, 6, 6),
(292, 8, 8),
(292, 7, 8),
(292, 42, 6),
(292, 44, 3),
(292, 4, 3),
(292, 22, 5),
(292, 48, 2),
(292, 33, 5),
(293, 40, 3),
(293, 39, 3),
(293, 43, 3),
(293, 47, 2),
(293, 55, 2),
(293, 38, 2),
(293, 45, 2),
(294, 14, 4),
(295, 14, 4),
(295, 18, 3),
(295, 25, 3),
(295, 27, 2),
(295, 20, 3),
(295, 19, 3),
(295, 24, 3),
(295, 23, 4),
(295, 17, 3),
(295, 21, 4),
(295, 16, 3),
(295, 26, 3),
(296, 2, 12),
(296, 16, 12),
(296, 18, 12),
(296, 23, 20),
(296, 17, 16),
(296, 21, 12),
(296, 26, 8),
(296, 14, 30),
(296, 20, 25),
(296, 19, 20),
(296, 28, 10),
(297, 8, 5),
(297, 7, 5),
(297, 42, 2),
(297, 22, 4),
(297, 37, 3),
(297, 4, 2),
(297, 33, 6),
(297, 6, 6),
(298, 8, 3),
(298, 7, 3),
(298, 42, 2),
(298, 22, 2),
(298, 4, 2),
(298, 12, 1),
(298, 48, 2),
(298, 33, 3),
(299, 8, 16),
(299, 7, 16),
(299, 42, 16),
(299, 22, 6),
(299, 44, 6),
(299, 4, 6),
(299, 41, 6),
(299, 37, 4),
(299, 12, 4),
(299, 48, 24),
(299, 6, 16),
(299, 33, 16),
(299, 9, 4),
(300, 8, 12),
(300, 7, 12),
(300, 42, 15),
(300, 22, 12),
(300, 44, 10),
(300, 41, 10),
(300, 37, 3),
(300, 4, 3),
(300, 12, 5),
(300, 48, 30),
(300, 6, 20),
(300, 33, 25),
(300, 9, 3),
(301, 8, 8),
(301, 7, 8),
(301, 42, 6),
(301, 44, 3),
(301, 4, 3),
(301, 22, 6),
(301, 48, 3),
(301, 33, 5),
(302, 8, 10),
(302, 7, 10),
(302, 42, 4),
(302, 22, 4),
(302, 33, 4),
(303, 8, 18),
(303, 7, 18),
(303, 42, 12),
(303, 22, 6),
(303, 44, 6),
(303, 4, 5),
(303, 41, 14),
(303, 37, 3),
(303, 12, 5),
(303, 48, 14),
(303, 6, 14),
(303, 33, 12),
(303, 9, 8),
(304, 8, 4),
(304, 7, 4),
(304, 42, 2),
(304, 22, 3),
(304, 37, 3),
(304, 4, 2),
(304, 33, 5),
(304, 6, 5),
(305, 8, 16),
(305, 7, 16),
(305, 42, 15),
(305, 22, 12),
(305, 44, 12),
(305, 41, 12),
(305, 37, 5),
(305, 4, 8),
(305, 12, 5),
(305, 48, 35),
(305, 6, 25),
(305, 33, 25),
(305, 9, 6),
(306, 8, 7),
(306, 7, 7),
(306, 42, 6),
(306, 44, 3),
(306, 4, 3),
(306, 22, 6),
(306, 48, 3),
(306, 33, 5),
(307, 14, 4),
(307, 18, 3),
(307, 25, 2),
(307, 27, 3),
(307, 20, 3),
(307, 19, 3),
(307, 24, 4),
(307, 23, 4),
(307, 17, 3),
(307, 21, 4),
(307, 16, 4),
(307, 26, 4),
(308, 2, 10),
(308, 16, 10),
(308, 18, 10),
(308, 23, 20),
(308, 17, 16),
(308, 21, 10),
(308, 26, 6),
(308, 14, 28),
(308, 20, 20),
(308, 19, 20),
(308, 37, 10),
(309, 8, 4),
(309, 7, 4),
(309, 42, 2),
(309, 22, 2),
(309, 4, 2),
(309, 33, 4),
(309, 6, 6),
(310, 8, 15),
(310, 7, 20),
(310, 42, 15),
(310, 22, 10),
(310, 44, 15),
(310, 41, 15),
(310, 37, 3),
(310, 4, 6),
(310, 12, 5),
(310, 48, 30),
(310, 6, 25),
(310, 33, 20),
(310, 9, 4),
(311, 8, 3),
(311, 7, 3),
(311, 42, 2),
(311, 22, 2),
(311, 4, 2),
(311, 12, 1),
(311, 33, 3),
(312, 8, 5),
(312, 7, 7),
(312, 42, 5),
(312, 44, 4),
(312, 4, 3),
(312, 22, 6),
(312, 48, 5),
(312, 33, 6),
(313, 8, 20),
(313, 7, 18),
(313, 42, 18),
(313, 22, 6),
(313, 44, 6),
(313, 4, 5),
(313, 41, 14),
(313, 37, 3),
(313, 12, 5),
(313, 48, 12),
(313, 6, 16),
(313, 33, 12),
(313, 9, 8),
(314, 8, 10),
(314, 7, 10),
(314, 42, 4),
(314, 22, 4),
(314, 33, 4),
(309, 37, 2),
(315, 8, 15),
(315, 7, 10),
(315, 42, 12),
(315, 22, 6),
(315, 44, 10),
(315, 41, 15),
(315, 37, 2),
(315, 4, 8),
(315, 12, 8),
(315, 48, 20),
(315, 6, 20),
(315, 33, 10),
(315, 9, 6),
(316, 8, 3),
(316, 7, 3),
(316, 42, 2),
(316, 22, 2),
(316, 37, 2),
(316, 4, 1),
(316, 33, 3),
(316, 6, 4),
(317, 8, 14),
(317, 7, 18),
(317, 42, 10),
(317, 4, 12),
(317, 44, 8),
(317, 22, 12),
(317, 6, 24),
(317, 9, 8),
(317, 5, 8),
(317, 12, 10),
(317, 33, 8),
(317, 48, 2),
(318, 8, 7),
(318, 7, 5),
(318, 42, 4),
(318, 44, 3),
(318, 4, 2),
(318, 22, 5),
(318, 48, 5),
(318, 33, 7),
(319, 8, 20),
(319, 7, 18),
(319, 42, 18),
(319, 22, 4),
(319, 44, 4),
(319, 4, 5),
(319, 41, 8),
(319, 37, 3),
(319, 48, 18),
(319, 6, 12),
(319, 33, 12),
(319, 9, 4),
(320, 14, 6),
(320, 18, 4),
(320, 25, 4),
(320, 27, 2),
(320, 20, 3),
(320, 19, 3),
(320, 24, 4),
(320, 23, 4),
(320, 17, 3),
(320, 21, 3),
(320, 16, 3),
(320, 26, 3),
(321, 16, 3),
(321, 18, 4),
(321, 23, 8),
(321, 17, 6),
(321, 21, 4),
(321, 26, 3),
(322, 14, 16),
(322, 24, 5),
(322, 25, 6),
(322, 23, 6),
(322, 17, 2),
(322, 21, 3),
(322, 16, 3),
(322, 26, 2),
(323, 14, 4),
(323, 25, 2),
(323, 24, 2),
(323, 17, 2),
(323, 21, 2),
(323, 16, 1),
(323, 26, 3),
(323, 23, 4),
(323, 19, 1),
(324, 47, 2),
(324, 55, 2),
(324, 38, 2),
(324, 43, 3),
(324, 40, 3),
(324, 45, 2),
(324, 39, 3),
(325, 8, 10),
(325, 7, 10),
(325, 42, 8),
(325, 22, 4),
(325, 44, 4),
(325, 4, 4),
(325, 41, 6),
(325, 37, 3),
(325, 48, 20),
(325, 6, 12),
(325, 33, 12),
(325, 9, 5),
(326, 8, 10),
(326, 7, 15),
(326, 42, 15),
(326, 22, 10),
(326, 44, 10),
(326, 41, 10),
(326, 37, 3),
(326, 4, 6),
(326, 12, 3),
(326, 48, 30),
(326, 6, 20),
(326, 33, 25),
(326, 9, 6),
(327, 8, 10),
(327, 7, 10),
(327, 42, 4),
(327, 22, 4),
(327, 33, 4),
(328, 8, 8),
(328, 7, 8),
(328, 42, 4),
(328, 44, 3),
(328, 4, 3),
(328, 22, 5),
(328, 48, 4),
(328, 33, 6),
(329, 8, 5),
(329, 7, 5),
(329, 42, 3),
(329, 22, 5),
(329, 4, 4),
(329, 12, 1),
(329, 48, 4),
(329, 33, 5),
(330, 8, 4),
(330, 7, 4),
(330, 42, 2),
(330, 22, 2),
(330, 37, 2),
(330, 4, 2),
(330, 33, 4),
(330, 6, 5),
(331, 40, 3),
(331, 39, 3),
(331, 43, 3),
(331, 47, 2),
(331, 55, 2),
(331, 38, 2),
(331, 45, 2),
(332, 14, 14),
(332, 24, 8),
(332, 25, 7),
(332, 23, 6),
(332, 17, 3),
(332, 21, 2),
(332, 16, 2),
(332, 2, 3),
(332, 26, 2),
(333, 14, 2),
(333, 25, 1),
(333, 19, 1),
(333, 24, 2),
(333, 23, 4),
(333, 17, 2),
(333, 21, 2),
(333, 2, 1),
(333, 26, 4),
(334, 14, 8),
(334, 18, 4),
(334, 25, 5),
(334, 27, 3),
(334, 20, 4),
(334, 19, 4),
(334, 24, 5),
(334, 23, 4),
(334, 17, 4),
(334, 21, 4),
(334, 16, 4),
(334, 26, 4),
(335, 8, 14),
(335, 7, 16),
(335, 42, 10),
(335, 4, 12),
(335, 44, 8),
(335, 22, 12),
(335, 6, 22),
(335, 9, 8),
(335, 5, 6),
(335, 12, 8),
(335, 33, 6),
(335, 48, 2),
(336, 8, 4),
(336, 7, 4),
(336, 42, 3),
(336, 22, 2),
(336, 4, 2),
(336, 33, 4),
(336, 6, 4),
(337, 8, 15),
(337, 7, 15),
(337, 42, 10),
(337, 22, 6),
(337, 44, 4),
(337, 41, 8),
(337, 37, 3),
(337, 4, 4),
(337, 12, 5),
(337, 48, 30),
(337, 6, 20),
(337, 33, 25),
(337, 9, 4),
(338, 2, 10),
(338, 16, 4),
(338, 18, 8),
(338, 23, 14),
(338, 17, 12),
(338, 21, 8),
(338, 26, 4),
(338, 28, 8),
(338, 14, 30),
(339, 8, 12),
(339, 7, 12),
(339, 42, 12),
(339, 22, 4),
(339, 44, 4),
(339, 4, 4),
(339, 41, 6),
(339, 37, 3),
(339, 48, 18),
(339, 6, 12),
(339, 33, 12),
(339, 9, 5),
(340, 8, 8),
(340, 7, 8),
(340, 42, 4),
(340, 44, 3),
(340, 4, 3),
(340, 22, 6),
(340, 48, 2),
(340, 33, 6),
(341, 8, 3),
(341, 7, 3),
(341, 42, 2),
(341, 22, 2),
(341, 4, 2),
(341, 12, 1),
(341, 33, 2),
(342, 8, 6),
(342, 7, 6),
(342, 42, 3),
(342, 22, 3),
(342, 37, 3),
(342, 4, 3),
(342, 33, 5),
(342, 6, 6),
(343, 8, 10),
(343, 7, 10),
(343, 42, 4),
(343, 22, 4),
(343, 33, 4),
(344, 8, 15),
(344, 7, 15),
(344, 42, 15),
(344, 22, 10),
(344, 44, 10),
(344, 41, 10),
(344, 37, 2),
(344, 4, 10),
(344, 12, 5),
(344, 48, 20),
(344, 6, 20),
(344, 33, 20),
(344, 9, 5),
(345, 8, 8),
(345, 7, 8),
(345, 42, 4),
(345, 44, 3),
(345, 4, 3),
(345, 22, 6),
(345, 48, 2),
(345, 33, 6),
(346, 8, 12),
(346, 7, 12),
(346, 42, 12),
(346, 22, 6),
(346, 44, 4),
(346, 4, 4),
(346, 41, 6),
(346, 37, 3),
(346, 48, 13),
(346, 6, 16),
(346, 33, 12),
(346, 9, 5),
(347, 39, 3),
(347, 40, 3),
(347, 45, 2),
(347, 43, 3),
(347, 47, 2),
(347, 55, 2),
(347, 38, 2),
(348, 8, 3),
(348, 7, 5),
(348, 42, 2),
(348, 22, 2),
(348, 37, 3),
(348, 4, 2),
(348, 33, 4),
(348, 6, 5),
(349, 8, 4),
(349, 7, 4),
(349, 42, 2),
(349, 22, 2),
(349, 4, 2),
(349, 12, 1),
(349, 48, 1),
(349, 33, 3),
(350, 8, 12),
(350, 7, 15),
(350, 42, 15),
(350, 22, 10),
(350, 44, 10),
(350, 41, 8),
(350, 37, 5),
(350, 4, 4),
(350, 12, 8),
(350, 48, 35),
(350, 6, 15),
(350, 33, 12),
(351, 8, 8),
(351, 7, 8),
(351, 42, 4),
(351, 44, 3),
(351, 4, 3),
(351, 22, 5),
(351, 48, 4),
(351, 33, 6),
(352, 8, 12),
(352, 7, 12),
(352, 42, 12),
(352, 22, 6),
(352, 44, 4),
(352, 4, 4),
(352, 41, 6),
(352, 37, 3),
(352, 48, 20),
(352, 6, 16),
(352, 33, 12),
(352, 9, 4),
(353, 8, 10),
(353, 7, 10),
(353, 42, 4),
(353, 22, 4),
(353, 33, 4),
(354, 2, 8),
(354, 16, 6),
(354, 18, 10),
(354, 23, 18),
(354, 17, 12),
(354, 21, 8),
(354, 26, 6),
(354, 28, 8),
(354, 14, 20),
(354, 20, 16),
(354, 19, 6),
(355, 14, 10),
(355, 18, 4),
(355, 25, 6),
(355, 27, 4),
(355, 20, 6),
(355, 19, 6),
(355, 24, 6),
(355, 23, 4),
(355, 21, 4),
(355, 16, 4),
(355, 17, 4),
(355, 26, 4),
(356, 14, 8),
(357, 8, 3),
(357, 7, 3),
(357, 42, 2),
(357, 22, 2),
(357, 37, 1),
(357, 4, 2),
(357, 33, 3),
(357, 6, 5),
(358, 8, 12),
(358, 7, 10),
(358, 42, 8),
(358, 22, 5),
(358, 44, 8),
(358, 41, 6),
(358, 37, 2),
(358, 4, 4),
(358, 12, 4),
(358, 48, 25),
(358, 6, 15),
(358, 33, 20),
(358, 9, 5),
(359, 8, 12),
(359, 7, 14),
(359, 42, 9),
(359, 22, 3),
(359, 44, 5),
(359, 4, 4),
(359, 41, 12),
(359, 37, 2),
(359, 48, 15),
(359, 6, 6),
(359, 33, 8),
(359, 9, 5),
(360, 8, 7),
(360, 7, 8),
(360, 42, 5),
(360, 44, 2),
(360, 4, 2),
(360, 22, 6),
(360, 48, 2),
(360, 33, 6),
(361, 14, 4),
(361, 18, 4),
(361, 25, 3),
(361, 27, 4),
(361, 19, 4),
(361, 20, 4),
(361, 24, 4),
(361, 23, 4),
(361, 17, 4),
(361, 21, 4),
(361, 16, 4),
(361, 26, 4),
(362, 14, 2),
(362, 25, 1),
(362, 24, 1),
(362, 23, 3),
(362, 17, 1),
(362, 16, 1),
(362, 21, 1),
(362, 2, 1),
(362, 26, 2),
(363, 14, 10),
(363, 25, 5),
(363, 24, 4),
(363, 23, 4),
(363, 17, 2),
(363, 21, 2),
(363, 16, 2),
(363, 2, 2),
(363, 26, 1),
(364, 2, 6),
(364, 16, 3),
(364, 18, 4),
(364, 23, 8),
(364, 17, 6),
(364, 21, 4),
(364, 26, 3),
(364, 20, 5),
(364, 19, 4),
(364, 14, 10),
(365, 8, 8),
(365, 7, 8),
(365, 42, 5),
(365, 4, 6),
(365, 44, 4),
(365, 22, 7),
(365, 6, 14),
(365, 9, 4),
(365, 5, 4),
(365, 12, 5),
(365, 33, 3),
(365, 48, 2),
(366, 8, 4),
(366, 7, 4),
(366, 42, 2),
(366, 22, 2),
(366, 4, 2),
(366, 48, 3),
(366, 33, 4),
(367, 47, 2),
(367, 55, 2),
(367, 38, 2),
(367, 43, 3),
(367, 40, 3),
(367, 45, 2),
(367, 39, 3),
(368, 8, 15),
(368, 7, 15),
(368, 42, 15),
(368, 22, 10),
(368, 44, 10),
(368, 41, 15),
(368, 37, 3),
(368, 4, 5),
(368, 12, 5),
(368, 48, 15),
(368, 6, 20),
(368, 33, 25),
(368, 9, 8),
(369, 8, 12),
(369, 7, 12),
(369, 42, 12),
(369, 22, 6),
(369, 44, 5),
(369, 4, 4),
(369, 41, 8),
(369, 37, 3),
(369, 48, 14),
(369, 6, 12),
(369, 33, 12),
(369, 9, 5),
(370, 8, 7),
(370, 7, 7),
(370, 42, 4),
(370, 44, 2),
(370, 4, 2),
(370, 22, 6),
(370, 48, 4),
(370, 33, 5),
(371, 8, 10),
(371, 7, 10),
(371, 42, 4),
(371, 22, 4),
(371, 33, 4),
(372, 8, 3),
(372, 7, 3),
(372, 42, 2),
(372, 22, 1),
(372, 37, 2),
(372, 4, 2),
(372, 33, 3),
(372, 6, 4),
(373, 8, 14),
(373, 7, 16),
(373, 42, 10),
(373, 4, 12),
(373, 44, 8),
(373, 22, 12),
(373, 6, 24),
(373, 9, 8),
(373, 5, 8),
(373, 12, 8),
(373, 33, 8),
(374, 8, 3),
(374, 7, 3),
(374, 42, 2),
(374, 22, 2),
(374, 37, 2),
(374, 4, 1),
(374, 33, 3),
(374, 6, 4),
(375, 8, 12),
(375, 7, 12),
(375, 42, 12),
(375, 22, 10),
(375, 44, 8),
(375, 41, 12),
(375, 37, 4),
(375, 4, 8),
(375, 12, 8),
(375, 48, 30),
(375, 6, 12),
(375, 33, 8),
(375, 9, 4),
(376, 2, 8),
(376, 16, 3),
(376, 18, 8),
(376, 23, 10),
(376, 17, 8),
(376, 21, 6),
(376, 26, 2),
(376, 20, 10),
(376, 14, 20),
(376, 28, 6),
(377, 8, 12),
(377, 7, 12),
(377, 42, 12),
(377, 22, 6),
(377, 44, 5),
(377, 4, 4),
(377, 41, 8),
(377, 37, 3),
(377, 48, 18),
(377, 6, 12),
(377, 33, 12),
(377, 9, 5),
(378, 8, 6),
(378, 7, 7),
(378, 42, 4),
(378, 44, 3),
(378, 4, 2),
(378, 22, 5),
(378, 33, 4),
(379, 14, 14),
(379, 25, 8),
(379, 24, 7),
(379, 23, 7),
(379, 17, 2),
(379, 21, 2),
(379, 16, 2),
(379, 2, 2),
(379, 26, 2),
(380, 14, 4),
(380, 25, 2),
(380, 20, 2),
(380, 21, 2),
(380, 17, 2),
(380, 23, 4),
(380, 24, 2),
(380, 16, 2),
(380, 2, 2),
(380, 26, 2),
(381, 14, 6),
(381, 18, 4),
(381, 25, 3),
(381, 27, 3),
(381, 20, 3),
(381, 19, 3),
(381, 24, 3),
(381, 23, 4),
(381, 17, 3),
(381, 21, 4),
(381, 16, 4),
(381, 26, 4),
(382, 8, 12),
(382, 7, 10),
(382, 42, 10),
(382, 22, 5),
(382, 44, 6),
(382, 4, 4),
(382, 41, 10),
(382, 37, 2),
(382, 48, 8),
(382, 6, 14),
(382, 33, 6),
(382, 9, 5),
(383, 8, 4),
(383, 7, 5),
(383, 42, 3),
(383, 22, 3),
(383, 37, 2),
(383, 4, 2),
(383, 33, 5),
(383, 6, 5),
(384, 8, 12),
(384, 7, 12),
(384, 42, 10),
(384, 22, 7),
(384, 44, 8),
(384, 41, 8),
(384, 37, 2),
(384, 4, 3),
(384, 12, 3),
(384, 48, 25),
(384, 6, 25),
(384, 33, 20),
(384, 9, 5),
(385, 8, 5),
(385, 7, 5),
(385, 42, 3),
(385, 22, 3),
(385, 4, 3),
(385, 12, 1),
(385, 48, 4),
(385, 33, 5),
(386, 8, 6),
(386, 7, 7),
(386, 42, 4),
(386, 44, 3),
(386, 4, 2),
(386, 22, 5),
(386, 48, 6),
(386, 33, 4),
(387, 8, 10),
(387, 7, 10),
(387, 42, 4),
(387, 22, 4),
(387, 33, 4),
(388, 47, 2),
(388, 55, 2),
(388, 38, 2),
(388, 43, 3),
(388, 40, 3),
(388, 45, 2),
(388, 39, 3),
(389, 8, 14),
(389, 7, 10),
(389, 42, 13),
(389, 22, 2),
(389, 44, 3),
(389, 4, 3),
(389, 41, 10),
(389, 37, 2),
(389, 48, 15),
(389, 6, 10),
(389, 33, 14),
(389, 9, 7),
(390, 8, 15),
(390, 7, 15),
(390, 42, 15),
(390, 22, 10),
(390, 44, 10),
(390, 41, 12),
(390, 37, 4),
(390, 4, 5),
(390, 12, 5),
(390, 48, 30),
(390, 6, 15),
(390, 33, 17),
(390, 9, 4),
(391, 8, 4),
(391, 7, 5),
(391, 42, 3),
(391, 22, 3),
(391, 37, 2),
(391, 4, 2),
(391, 33, 4),
(391, 6, 5),
(392, 8, 7),
(392, 7, 7),
(392, 42, 4),
(392, 44, 3),
(392, 4, 2),
(392, 22, 5),
(392, 33, 5),
(393, 9, 8),
(393, 22, 12),
(393, 33, 8),
(393, 6, 24),
(393, 42, 10),
(393, 8, 16),
(393, 7, 16),
(394, 14, 2),
(394, 25, 1),
(394, 21, 2),
(394, 17, 2),
(394, 23, 4),
(394, 24, 1),
(394, 2, 1),
(394, 26, 2),
(394, 19, 1),
(395, 14, 12),
(395, 25, 7),
(395, 24, 7),
(395, 23, 7),
(395, 17, 2),
(395, 21, 2),
(395, 16, 2),
(395, 2, 2),
(395, 26, 2),
(396, 2, 8),
(396, 16, 8),
(396, 18, 10),
(396, 23, 15),
(396, 17, 10),
(396, 21, 12),
(396, 26, 8),
(396, 20, 15),
(396, 14, 15),
(396, 28, 6),
(397, 44, 8),
(397, 5, 8),
(397, 4, 8),
(398, 14, 8),
(398, 25, 5),
(398, 24, 5),
(398, 16, 4),
(398, 17, 4),
(398, 21, 4),
(398, 26, 4),
(398, 23, 5),
(398, 18, 4),
(398, 20, 5),
(398, 19, 5),
(398, 27, 3),
(399, 8, 15),
(399, 7, 15),
(399, 42, 14),
(399, 22, 12),
(399, 44, 10),
(399, 41, 12),
(399, 37, 5),
(399, 4, 5),
(399, 12, 7),
(399, 48, 30),
(399, 6, 20),
(399, 33, 25),
(399, 9, 8),
(400, 8, 6),
(400, 7, 6),
(400, 42, 2),
(400, 22, 2),
(400, 37, 2),
(400, 4, 2),
(400, 33, 4),
(400, 6, 6),
(401, 8, 3),
(401, 7, 3),
(401, 42, 2),
(401, 22, 2),
(401, 4, 2),
(401, 12, 1),
(401, 48, 1),
(401, 33, 3),
(402, 8, 10),
(402, 7, 10),
(402, 42, 4),
(402, 22, 4),
(402, 33, 4),
(403, 8, 5),
(403, 7, 7),
(403, 42, 4),
(403, 44, 3),
(403, 4, 2),
(403, 22, 5),
(403, 48, 4),
(403, 33, 6),
(404, 8, 16),
(404, 7, 15),
(404, 42, 14),
(404, 22, 4),
(404, 4, 3),
(404, 41, 10),
(404, 37, 2),
(404, 48, 20),
(404, 6, 16),
(404, 33, 14),
(404, 9, 6),
(405, 40, 3),
(405, 39, 3),
(405, 43, 3),
(405, 45, 2),
(405, 47, 2),
(405, 55, 2),
(405, 38, 2),
(406, 8, 12),
(406, 7, 12),
(406, 42, 10),
(406, 22, 4),
(406, 4, 4),
(406, 41, 12),
(406, 37, 2),
(406, 48, 20),
(406, 6, 15),
(406, 33, 12),
(406, 9, 4),
(407, 8, 15),
(407, 7, 10),
(407, 42, 12),
(407, 22, 8),
(407, 44, 8),
(407, 41, 10),
(407, 4, 5),
(407, 12, 5),
(407, 48, 20),
(407, 6, 20),
(407, 33, 20),
(407, 9, 3),
(408, 8, 8),
(408, 7, 7),
(408, 42, 4),
(408, 44, 3),
(408, 4, 3),
(408, 22, 6),
(408, 33, 5),
(409, 8, 5),
(409, 7, 5),
(409, 42, 2),
(409, 22, 2),
(409, 37, 3),
(409, 4, 2),
(409, 33, 4),
(409, 6, 6),
(410, 14, 8),
(411, 2, 12),
(411, 16, 8),
(411, 18, 12),
(411, 23, 30),
(411, 17, 24),
(411, 21, 16),
(411, 26, 8),
(411, 20, 24),
(411, 14, 40),
(411, 28, 12),
(411, 25, 12),
(411, 19, 12),
(411, 24, 12),
(412, 14, 8),
(412, 18, 4),
(412, 25, 5),
(412, 27, 3),
(412, 20, 4),
(412, 19, 4),
(412, 24, 5),
(412, 23, 4),
(412, 17, 4),
(412, 21, 4),
(412, 16, 4),
(412, 26, 4),
(413, 8, 4),
(413, 7, 4),
(413, 42, 2),
(413, 22, 3),
(413, 4, 3),
(413, 12, 2),
(413, 33, 4),
(414, 8, 10),
(414, 7, 10),
(414, 42, 4),
(414, 22, 4),
(414, 33, 4),
(415, 8, 12),
(415, 7, 12),
(415, 42, 7),
(415, 22, 4),
(415, 4, 4),
(415, 41, 10),
(415, 37, 2),
(415, 48, 20),
(415, 6, 14),
(415, 33, 14),
(415, 9, 7),
(416, 8, 15),
(416, 7, 15),
(416, 42, 15),
(416, 22, 10),
(416, 44, 10),
(416, 41, 12),
(416, 37, 4),
(416, 4, 5),
(416, 12, 5),
(416, 48, 25),
(416, 6, 25),
(416, 33, 25),
(416, 9, 5),
(417, 8, 8),
(417, 7, 7),
(417, 42, 4),
(417, 44, 3),
(417, 4, 3),
(417, 22, 6),
(417, 33, 5),
(418, 8, 5),
(418, 7, 6),
(418, 42, 3),
(418, 22, 3),
(418, 37, 3),
(418, 4, 3),
(418, 33, 5),
(418, 6, 6),
(419, 14, 2),
(419, 25, 1),
(419, 19, 1),
(419, 24, 1),
(419, 23, 3),
(419, 17, 1),
(419, 21, 2),
(419, 2, 1),
(419, 26, 3),
(420, 25, 8),
(420, 24, 8),
(420, 23, 6),
(420, 17, 2),
(420, 21, 2),
(420, 16, 2),
(420, 2, 2),
(420, 26, 2),
(421, 2, 10),
(421, 16, 6),
(421, 18, 10),
(421, 23, 12),
(421, 17, 10),
(421, 21, 8),
(421, 26, 6),
(421, 14, 20),
(421, 28, 8),
(421, 25, 10),
(421, 19, 6),
(421, 24, 20),
(422, 25, 6),
(422, 14, 10),
(422, 24, 6),
(422, 17, 6),
(422, 21, 6),
(422, 16, 6),
(422, 26, 6),
(422, 23, 8),
(422, 18, 6),
(422, 20, 6),
(422, 19, 6),
(422, 27, 4),
(423, 33, 4),
(423, 8, 7),
(423, 7, 7),
(423, 42, 5),
(423, 22, 5),
(423, 6, 10),
(423, 9, 4),
(423, 32, 5),
(423, 30, 5),
(423, 31, 5),
(424, 8, 18),
(424, 7, 16),
(424, 42, 10),
(424, 22, 10),
(424, 37, 2),
(424, 41, 4),
(424, 30, 4),
(424, 31, 4),
(424, 32, 4),
(424, 6, 16),
(424, 33, 12),
(424, 9, 4),
(425, 8, 15),
(425, 7, 10),
(425, 42, 15),
(425, 22, 10),
(425, 37, 4),
(425, 41, 10),
(425, 30, 10),
(425, 31, 10),
(425, 32, 10),
(425, 48, 20),
(425, 6, 20),
(425, 33, 20),
(425, 9, 3),
(426, 8, 7),
(426, 7, 7),
(426, 42, 5),
(426, 22, 6),
(426, 32, 5),
(426, 48, 3),
(426, 33, 6),
(427, 8, 10),
(427, 7, 10),
(427, 42, 4),
(427, 22, 4),
(427, 33, 4),
(428, 8, 3),
(428, 7, 3),
(428, 42, 2),
(428, 37, 1),
(428, 30, 2),
(428, 31, 2),
(428, 6, 4),
(428, 33, 3),
(428, 32, 2),
(429, 8, 4),
(429, 7, 4),
(429, 42, 2),
(429, 22, 2),
(429, 30, 2),
(429, 31, 2),
(429, 32, 4),
(429, 48, 4),
(429, 33, 4),
(430, 47, 2),
(430, 55, 2),
(430, 38, 2),
(430, 43, 3),
(430, 40, 3),
(430, 45, 2),
(430, 39, 3),
(432, 33, 6),
(432, 8, 14),
(432, 7, 16),
(432, 42, 10),
(432, 22, 10),
(432, 6, 24),
(432, 9, 8),
(432, 32, 10),
(432, 30, 8),
(432, 31, 8),
(433, 8, 12),
(433, 7, 12),
(433, 42, 10),
(433, 22, 4),
(433, 37, 2),
(433, 41, 4),
(433, 30, 4),
(433, 31, 4),
(433, 32, 4),
(433, 6, 16),
(433, 33, 10),
(433, 9, 4),
(434, 14, 4),
(434, 25, 2),
(434, 19, 1),
(434, 24, 2),
(434, 23, 5),
(434, 17, 2),
(434, 21, 2),
(434, 2, 2),
(434, 26, 3),
(435, 14, 18),
(435, 25, 9),
(435, 20, 9),
(435, 23, 8),
(435, 17, 4),
(435, 21, 3),
(435, 16, 4),
(435, 2, 3),
(435, 26, 3),
(436, 2, 8),
(436, 16, 4),
(436, 18, 8),
(436, 23, 10),
(436, 17, 8),
(436, 21, 8),
(436, 26, 4),
(436, 14, 20),
(436, 28, 6),
(436, 25, 8),
(436, 19, 6),
(436, 24, 12),
(437, 25, 4),
(437, 14, 6),
(437, 24, 4),
(437, 17, 4),
(437, 21, 4),
(437, 16, 4),
(437, 26, 4),
(437, 23, 4),
(437, 18, 4),
(437, 20, 4),
(437, 19, 4),
(437, 27, 2),
(438, 8, 15),
(438, 7, 15),
(438, 42, 15),
(438, 22, 10),
(438, 37, 2),
(438, 41, 15),
(438, 30, 8),
(438, 31, 10),
(438, 32, 10),
(438, 48, 25),
(438, 6, 20),
(438, 33, 20),
(438, 9, 5),
(439, 8, 8),
(439, 7, 7),
(439, 42, 6),
(439, 22, 6),
(439, 32, 6),
(439, 48, 3),
(439, 33, 6),
(440, 8, 3),
(440, 37, 1),
(440, 32, 2),
(440, 30, 2),
(440, 42, 2),
(440, 6, 4),
(440, 33, 3),
(440, 7, 3),
(440, 31, 2),
(442, 26, 2),
(443, 47, 2),
(443, 55, 2),
(443, 38, 2),
(443, 43, 3),
(443, 40, 3),
(443, 45, 2),
(443, 39, 3),
(444, 8, 3),
(444, 7, 3),
(444, 42, 2),
(444, 37, 1),
(444, 30, 1),
(444, 31, 1),
(444, 32, 1),
(444, 6, 4),
(444, 33, 3),
(445, 8, 8),
(445, 7, 15),
(445, 42, 15),
(445, 22, 8),
(445, 37, 3),
(445, 41, 8),
(445, 30, 8),
(445, 31, 8),
(445, 32, 10),
(445, 48, 25),
(445, 6, 20),
(445, 33, 20),
(445, 9, 5),
(446, 8, 4),
(446, 7, 4),
(446, 42, 2),
(446, 22, 4),
(446, 30, 2),
(446, 31, 2),
(446, 32, 4),
(446, 33, 3),
(450, 6, 8),
(450, 33, 10),
(450, 7, 18),
(450, 32, 4),
(450, 42, 10),
(450, 31, 6),
(450, 30, 2),
(450, 41, 14),
(450, 8, 18),
(450, 9, 5),
(450, 22, 10),
(450, 48, 30),
(448, 8, 7),
(448, 7, 8),
(448, 42, 6),
(448, 22, 5),
(448, 32, 6),
(448, 48, 4),
(448, 33, 6),
(449, 8, 10),
(449, 7, 10),
(449, 42, 4),
(449, 22, 4),
(449, 33, 4),
(451, 33, 8),
(451, 8, 18),
(451, 7, 20),
(451, 42, 10),
(451, 22, 10),
(451, 6, 24),
(451, 9, 10),
(451, 32, 12),
(451, 30, 10),
(451, 31, 10),
(452, 8, 4),
(452, 7, 4),
(452, 42, 3),
(452, 37, 2),
(452, 30, 2),
(452, 31, 1),
(452, 32, 3),
(452, 6, 6),
(452, 33, 4),
(453, 8, 8),
(453, 7, 8),
(453, 42, 14),
(453, 22, 10),
(453, 37, 5),
(453, 41, 12),
(453, 30, 8),
(453, 31, 8),
(453, 32, 7),
(453, 48, 35),
(453, 6, 10),
(453, 33, 20),
(453, 9, 4),
(454, 14, 4),
(454, 25, 2),
(454, 19, 1),
(454, 24, 2),
(454, 23, 4),
(454, 17, 2),
(454, 21, 2),
(454, 2, 2),
(454, 26, 2),
(455, 25, 10),
(455, 14, 10),
(455, 24, 10),
(455, 17, 5),
(455, 21, 5),
(455, 16, 5),
(455, 26, 5),
(455, 23, 8),
(455, 18, 5),
(455, 20, 5),
(455, 19, 5),
(455, 27, 4),
(456, 14, 16),
(456, 25, 7),
(456, 24, 7),
(456, 23, 6),
(456, 17, 3),
(456, 21, 2),
(456, 16, 3),
(456, 2, 2),
(456, 26, 2),
(457, 2, 8),
(457, 16, 8),
(457, 18, 10),
(457, 23, 15),
(457, 17, 10),
(457, 21, 12),
(457, 26, 8),
(457, 20, 15),
(457, 14, 16),
(457, 28, 6),
(458, 8, 18),
(458, 7, 16),
(458, 42, 10),
(458, 22, 10),
(458, 41, 14),
(458, 30, 2),
(458, 31, 4),
(458, 32, 4),
(458, 48, 14),
(458, 6, 12),
(458, 33, 10),
(458, 9, 6),
(459, 8, 8),
(459, 7, 8),
(459, 42, 5),
(459, 22, 6),
(459, 32, 4),
(459, 33, 5),
(460, 8, 6),
(460, 7, 6),
(460, 42, 3),
(460, 37, 2),
(460, 30, 4),
(460, 31, 1),
(460, 32, 3),
(460, 6, 6),
(460, 33, 6),
(461, 8, 2),
(461, 7, 2),
(461, 42, 1),
(461, 22, 1),
(461, 30, 2),
(461, 31, 2),
(461, 32, 2),
(461, 48, 2),
(462, 8, 10),
(462, 7, 10),
(462, 42, 15),
(462, 22, 10),
(462, 37, 3),
(462, 41, 10),
(462, 30, 6),
(462, 31, 8),
(462, 32, 10),
(462, 48, 35),
(462, 6, 20),
(462, 33, 20),
(462, 9, 4),
(463, 8, 10),
(463, 7, 10),
(463, 42, 4),
(463, 22, 4),
(463, 33, 4),
(464, 8, 8),
(464, 7, 7),
(464, 42, 5),
(464, 22, 6),
(464, 32, 5),
(464, 48, 3),
(464, 33, 5),
(465, 40, 3),
(465, 39, 3),
(465, 43, 3),
(465, 45, 2),
(465, 55, 2),
(465, 38, 2),
(465, 47, 2),
(466, 8, 14),
(466, 7, 14),
(466, 42, 12);
INSERT INTO `order_items` (`order_id`, `product_id`, `quantity`) VALUES
(466, 22, 3),
(466, 37, 2),
(466, 41, 12),
(466, 30, 4),
(466, 31, 4),
(466, 32, 6),
(466, 48, 15),
(466, 6, 12),
(466, 33, 12),
(466, 9, 7),
(467, 2, 14),
(467, 16, 8),
(467, 18, 14),
(467, 23, 30),
(467, 17, 24),
(467, 21, 16),
(467, 26, 8),
(467, 20, 24),
(467, 14, 30),
(467, 28, 12),
(467, 25, 10),
(467, 19, 12),
(467, 24, 10),
(468, 25, 12),
(468, 14, 12),
(468, 24, 12),
(468, 17, 4),
(468, 21, 4),
(468, 16, 4),
(468, 26, 4),
(468, 23, 4),
(468, 18, 4),
(468, 20, 4),
(468, 19, 4),
(468, 27, 2),
(469, 8, 4),
(469, 7, 4),
(469, 42, 2),
(469, 37, 1),
(469, 30, 2),
(469, 31, 1),
(469, 32, 2),
(469, 6, 6),
(469, 33, 4),
(470, 8, 10),
(470, 7, 10),
(470, 42, 15),
(470, 22, 10),
(470, 37, 3),
(470, 41, 10),
(470, 30, 6),
(470, 31, 8),
(470, 32, 10),
(470, 48, 30),
(470, 6, 20),
(470, 33, 20),
(470, 9, 4),
(471, 8, 4),
(471, 7, 4),
(471, 42, 2),
(471, 22, 2),
(471, 30, 1),
(471, 31, 1),
(471, 32, 4),
(471, 48, 3),
(471, 33, 4),
(472, 37, 1),
(472, 41, 10),
(472, 30, 6),
(472, 42, 12),
(472, 9, 7),
(472, 31, 6),
(472, 6, 12),
(472, 33, 10),
(472, 48, 12),
(472, 32, 6),
(472, 7, 14),
(472, 22, 3),
(472, 8, 10),
(474, 48, 2),
(474, 6, 7),
(474, 7, 8),
(474, 32, 6),
(474, 22, 6),
(474, 8, 8),
(474, 42, 6),
(475, 8, 15),
(475, 7, 15),
(475, 42, 10),
(479, 42, 2),
(475, 37, 5),
(475, 41, 12),
(475, 30, 10),
(475, 31, 12),
(475, 32, 10),
(475, 48, 30),
(475, 6, 20),
(475, 33, 20),
(475, 9, 4),
(476, 8, 4),
(476, 7, 4),
(476, 42, 2),
(476, 37, 2),
(476, 30, 2),
(476, 31, 2),
(476, 32, 2),
(476, 6, 5),
(476, 33, 5),
(477, 8, 14),
(477, 7, 14),
(477, 42, 10),
(479, 7, 5),
(477, 41, 14),
(477, 30, 2),
(477, 31, 5),
(477, 32, 5),
(477, 48, 20),
(477, 6, 15),
(477, 33, 10),
(478, 8, 7),
(478, 7, 7),
(478, 42, 5),
(479, 8, 5),
(478, 32, 5),
(478, 33, 6),
(479, 33, 2),
(480, 25, 2),
(480, 14, 4),
(480, 24, 2),
(480, 17, 2),
(480, 21, 2),
(480, 16, 2),
(480, 26, 2),
(480, 23, 3),
(480, 18, 2),
(480, 20, 2),
(480, 19, 2),
(480, 27, 2),
(481, 14, 2),
(481, 25, 1),
(481, 24, 1),
(481, 23, 3),
(481, 17, 1),
(481, 21, 1),
(481, 2, 1),
(481, 26, 2),
(482, 2, 8),
(482, 16, 4),
(482, 18, 8),
(482, 23, 12),
(482, 17, 10),
(482, 21, 8),
(482, 26, 4),
(482, 14, 20),
(482, 28, 8),
(482, 25, 8),
(482, 19, 4),
(482, 24, 10),
(483, 14, 10),
(483, 25, 6),
(483, 24, 6),
(483, 23, 6),
(483, 17, 2),
(483, 21, 2),
(483, 16, 2),
(483, 2, 2),
(483, 26, 2),
(484, 47, 2),
(484, 55, 2),
(484, 38, 2),
(484, 43, 3),
(484, 40, 3),
(484, 45, 2),
(484, 39, 3),
(485, 8, 3),
(485, 7, 3),
(485, 42, 2),
(485, 37, 2),
(485, 30, 2),
(485, 31, 2),
(485, 32, 2),
(485, 6, 4),
(485, 33, 3),
(486, 8, 18),
(486, 7, 14),
(486, 42, 18),
(486, 22, 14),
(486, 41, 14),
(486, 30, 2),
(486, 31, 5),
(486, 32, 5),
(486, 48, 16),
(486, 6, 20),
(486, 33, 12),
(486, 9, 4),
(487, 8, 4),
(487, 7, 4),
(487, 42, 2),
(487, 22, 2),
(487, 30, 2),
(487, 32, 4),
(487, 33, 4),
(488, 8, 15),
(488, 7, 15),
(488, 42, 15),
(488, 22, 10),
(488, 37, 3),
(488, 41, 15),
(488, 30, 15),
(488, 31, 10),
(488, 32, 10),
(488, 48, 20),
(488, 6, 25),
(488, 33, 25),
(488, 9, 5),
(489, 8, 8),
(489, 7, 8),
(489, 42, 6),
(489, 22, 6),
(489, 32, 4),
(489, 48, 6),
(489, 33, 6),
(490, 8, 10),
(490, 7, 10),
(490, 42, 4),
(490, 22, 4),
(490, 33, 4),
(491, 32, 5),
(491, 30, 5),
(491, 31, 5),
(491, 9, 4),
(491, 33, 4),
(491, 6, 12),
(491, 42, 5),
(491, 8, 10),
(491, 7, 10),
(492, 8, 14),
(492, 7, 12),
(492, 42, 10),
(492, 22, 4),
(492, 37, 1),
(492, 41, 10),
(492, 30, 4),
(492, 31, 6),
(492, 32, 6),
(492, 48, 12),
(492, 6, 14),
(492, 33, 10),
(492, 9, 3),
(493, 32, 14),
(493, 30, 12),
(493, 31, 12),
(493, 9, 10),
(493, 22, 14),
(493, 33, 10),
(493, 6, 24),
(493, 42, 10),
(493, 8, 16),
(493, 7, 16),
(494, 8, 18),
(494, 7, 16),
(494, 42, 16),
(494, 22, 12),
(494, 37, 5),
(494, 41, 15),
(494, 30, 6),
(494, 31, 10),
(494, 32, 12),
(494, 48, 30),
(494, 6, 15),
(494, 33, 20),
(494, 9, 5),
(495, 8, 7),
(495, 7, 7),
(495, 42, 6),
(495, 22, 6),
(495, 32, 3),
(495, 48, 3),
(495, 33, 6),
(496, 8, 3),
(496, 7, 3),
(496, 42, 3),
(496, 37, 1),
(496, 30, 1),
(496, 31, 1),
(496, 32, 2),
(496, 6, 5),
(496, 33, 3),
(497, 25, 4),
(497, 14, 6),
(497, 24, 4),
(497, 17, 2),
(497, 21, 2),
(497, 16, 2),
(497, 26, 2),
(497, 23, 2),
(497, 18, 2),
(497, 20, 2),
(497, 19, 2),
(497, 27, 2),
(498, 14, 16),
(498, 25, 9),
(498, 24, 9),
(498, 23, 7),
(498, 17, 3),
(498, 21, 3),
(498, 16, 3),
(498, 2, 3),
(498, 26, 2),
(499, 2, 8),
(499, 16, 4),
(499, 18, 8),
(499, 23, 8),
(499, 17, 6),
(499, 21, 6),
(499, 26, 4),
(499, 14, 10),
(499, 28, 6),
(499, 25, 6),
(499, 24, 8),
(499, 20, 10),
(500, 14, 4),
(500, 25, 2),
(500, 24, 2),
(500, 23, 4),
(500, 17, 2),
(500, 21, 2),
(500, 26, 2),
(500, 2, 2),
(500, 19, 1),
(501, 8, 3),
(501, 7, 3),
(501, 42, 3),
(501, 37, 1),
(501, 30, 1),
(501, 31, 1),
(501, 32, 2),
(501, 6, 5),
(501, 33, 3),
(502, 8, 10),
(502, 7, 12),
(502, 42, 18),
(502, 22, 18),
(502, 37, 5),
(502, 41, 20),
(502, 30, 10),
(502, 31, 12),
(502, 32, 15),
(502, 48, 30),
(502, 6, 25),
(502, 33, 25),
(502, 9, 10),
(503, 8, 12),
(503, 7, 12),
(503, 42, 12),
(503, 22, 6),
(503, 41, 10),
(503, 30, 4),
(503, 31, 3),
(503, 32, 3),
(503, 48, 10),
(503, 6, 16),
(503, 33, 15),
(503, 9, 4),
(504, 8, 10),
(504, 7, 10),
(504, 42, 4),
(504, 22, 4),
(504, 33, 4),
(505, 39, 3),
(505, 43, 3),
(505, 40, 3),
(505, 45, 2),
(505, 55, 2),
(505, 47, 2),
(505, 38, 2),
(506, 8, 7),
(506, 7, 7),
(506, 42, 5),
(506, 22, 6),
(506, 30, 4),
(506, 31, 3),
(506, 32, 5),
(506, 48, 4),
(506, 33, 6),
(507, 8, 3),
(507, 7, 3),
(507, 42, 3),
(507, 22, 3),
(507, 30, 2),
(507, 31, 2),
(507, 32, 3),
(507, 48, 2),
(507, 33, 3),
(508, 2, 10),
(508, 16, 4),
(508, 18, 10),
(508, 23, 12),
(508, 17, 10),
(508, 21, 8),
(508, 26, 4),
(508, 28, 8),
(508, 19, 4),
(509, 25, 12),
(509, 14, 12),
(509, 24, 12),
(509, 17, 4),
(509, 21, 4),
(509, 16, 4),
(509, 26, 4),
(509, 23, 4),
(509, 18, 4),
(509, 20, 4),
(509, 19, 4),
(509, 27, 2),
(510, 14, 2),
(510, 25, 2),
(510, 19, 1),
(510, 24, 2),
(510, 23, 4),
(510, 17, 2),
(510, 21, 2),
(510, 2, 2),
(510, 26, 2),
(511, 14, 12),
(511, 25, 7),
(511, 24, 7),
(511, 23, 6),
(511, 17, 3),
(511, 21, 3),
(511, 16, 3),
(511, 2, 2),
(511, 26, 2),
(512, 8, 10),
(512, 7, 12),
(512, 42, 15),
(512, 22, 15),
(512, 37, 5),
(512, 41, 10),
(512, 30, 10),
(512, 31, 15),
(512, 32, 10),
(512, 48, 25),
(512, 6, 15),
(512, 33, 20),
(512, 9, 5),
(513, 32, 14),
(513, 30, 10),
(513, 31, 8),
(513, 9, 10),
(513, 22, 14),
(513, 48, 4),
(513, 33, 8),
(513, 6, 26),
(513, 42, 12),
(513, 8, 16),
(513, 7, 18),
(514, 8, 6),
(514, 7, 6),
(514, 42, 3),
(514, 37, 2),
(514, 30, 3),
(514, 31, 2),
(514, 32, 4),
(514, 6, 6),
(514, 33, 6),
(515, 8, 12),
(515, 7, 12),
(515, 42, 8),
(515, 22, 4),
(515, 37, 4),
(515, 41, 10),
(515, 30, 5),
(515, 31, 3),
(515, 32, 2),
(515, 48, 8),
(515, 6, 12),
(515, 33, 10),
(515, 9, 4),
(516, 8, 7),
(516, 7, 8),
(516, 42, 5),
(516, 22, 6),
(516, 30, 3),
(516, 31, 3),
(516, 32, 3),
(516, 48, 2),
(516, 33, 5),
(517, 8, 8),
(517, 7, 8),
(517, 42, 2),
(517, 22, 2),
(517, 33, 4),
(518, 8, 6),
(518, 7, 6),
(518, 42, 3),
(518, 37, 2),
(518, 30, 3),
(518, 31, 1),
(518, 32, 4),
(518, 6, 6),
(518, 33, 6),
(519, 8, 3),
(519, 7, 3),
(519, 42, 2),
(519, 22, 2),
(519, 30, 2),
(519, 31, 1),
(519, 32, 1),
(519, 48, 2),
(519, 33, 2),
(520, 8, 20),
(520, 7, 25),
(520, 42, 25),
(520, 22, 10),
(520, 37, 5),
(520, 41, 10),
(520, 30, 12),
(520, 31, 10),
(520, 32, 10),
(520, 48, 25),
(520, 6, 25),
(520, 33, 25),
(520, 9, 10),
(521, 39, 3),
(521, 40, 3),
(521, 43, 3),
(521, 38, 2),
(521, 55, 2),
(521, 45, 2),
(521, 47, 2),
(526, 21, 20),
(526, 26, 10),
(526, 2, 14),
(526, 17, 26),
(526, 23, 28),
(526, 18, 16),
(525, 14, 6),
(526, 16, 8),
(523, 8, 8),
(523, 7, 8),
(523, 42, 5),
(523, 22, 6),
(523, 31, 3),
(523, 32, 3),
(523, 48, 5),
(523, 33, 6),
(524, 8, 24),
(524, 7, 20),
(524, 42, 18),
(524, 22, 5),
(524, 37, 4),
(524, 41, 14),
(524, 30, 7),
(524, 31, 7),
(524, 32, 7),
(524, 48, 24),
(524, 6, 16),
(524, 33, 14),
(524, 9, 10),
(526, 20, 24),
(526, 14, 30),
(526, 28, 12),
(526, 25, 10),
(526, 19, 12),
(526, 24, 10),
(527, 25, 12),
(527, 14, 12),
(527, 24, 12),
(527, 17, 4),
(527, 21, 4),
(527, 16, 4),
(527, 26, 4),
(527, 23, 4),
(527, 18, 4),
(527, 20, 4),
(527, 19, 4),
(527, 27, 2),
(528, 8, 15),
(528, 7, 15),
(528, 42, 20),
(528, 22, 15),
(528, 37, 6),
(528, 41, 15),
(528, 30, 10),
(528, 31, 15),
(528, 32, 15),
(528, 48, 30),
(528, 6, 25),
(528, 33, 25),
(528, 9, 5),
(529, 8, 3),
(529, 7, 3),
(529, 42, 2),
(529, 22, 2),
(529, 30, 2),
(529, 31, 2),
(529, 32, 2),
(529, 48, 1),
(529, 33, 2),
(530, 32, 12),
(530, 30, 4),
(530, 31, 4),
(530, 9, 5),
(530, 22, 7),
(530, 48, 2),
(530, 33, 4),
(530, 6, 14),
(530, 42, 5),
(530, 8, 8),
(530, 7, 10),
(531, 8, 5),
(531, 7, 5),
(531, 42, 3),
(531, 37, 2),
(531, 30, 2),
(531, 31, 2),
(531, 32, 2),
(531, 6, 6),
(531, 33, 5),
(532, 14, 10),
(532, 25, 5),
(532, 24, 5),
(532, 23, 4),
(532, 17, 2),
(532, 21, 2),
(532, 16, 1),
(532, 2, 2),
(532, 26, 1),
(533, 8, 12),
(533, 7, 14),
(533, 42, 16),
(533, 22, 8),
(533, 41, 8),
(533, 30, 2),
(533, 31, 3),
(533, 32, 3),
(533, 48, 20),
(533, 6, 15),
(533, 33, 15),
(533, 9, 4),
(534, 8, 8),
(534, 7, 6),
(534, 42, 5),
(534, 22, 6),
(534, 31, 3),
(534, 32, 3),
(534, 48, 2),
(534, 33, 6),
(535, 8, 8),
(535, 7, 8),
(535, 42, 2),
(535, 22, 2),
(535, 33, 4),
(536, 8, 3),
(536, 7, 3),
(536, 42, 2),
(536, 37, 2),
(536, 30, 1),
(536, 31, 1),
(536, 32, 3),
(536, 6, 4),
(536, 33, 3),
(537, 8, 15),
(537, 7, 25),
(537, 42, 20),
(537, 22, 20),
(537, 37, 8),
(537, 41, 15),
(537, 30, 15),
(537, 31, 10),
(537, 32, 10),
(537, 48, 30),
(537, 6, 25),
(537, 33, 25),
(537, 9, 10),
(538, 8, 4),
(538, 7, 4),
(538, 42, 2),
(538, 22, 2),
(538, 33, 2),
(539, 8, 7),
(539, 7, 7),
(539, 42, 5),
(539, 22, 6),
(539, 31, 2),
(539, 32, 2),
(539, 33, 5),
(540, 8, 16),
(540, 7, 16),
(540, 42, 12),
(540, 22, 8),
(540, 41, 6),
(540, 30, 3),
(540, 31, 3),
(540, 32, 4),
(540, 48, 15),
(540, 6, 30),
(540, 33, 10),
(540, 9, 4),
(541, 25, 1),
(541, 24, 1),
(541, 23, 3),
(541, 17, 1),
(541, 21, 1),
(541, 2, 1),
(541, 26, 2),
(541, 14, 2),
(542, 2, 6),
(542, 16, 4),
(542, 18, 6),
(542, 23, 10),
(542, 17, 10),
(542, 21, 8),
(542, 26, 4),
(542, 28, 6),
(542, 25, 10),
(542, 24, 10),
(543, 25, 4),
(543, 14, 6),
(543, 24, 4),
(543, 17, 2),
(543, 21, 2),
(543, 16, 2),
(543, 26, 2),
(543, 23, 2),
(543, 18, 2),
(543, 20, 2),
(543, 19, 2),
(543, 27, 2),
(544, 47, 2),
(544, 55, 2),
(544, 38, 2),
(544, 43, 3),
(544, 40, 3),
(544, 45, 2),
(544, 39, 3),
(545, 8, 4),
(545, 7, 4),
(545, 42, 3),
(545, 37, 2),
(545, 30, 2),
(545, 31, 2),
(545, 32, 3),
(545, 6, 6),
(545, 33, 4),
(546, 8, 18),
(546, 7, 15),
(546, 42, 8),
(546, 22, 8),
(546, 41, 10),
(546, 30, 8),
(546, 31, 10),
(546, 32, 8),
(546, 48, 30),
(546, 6, 20),
(546, 33, 30),
(547, 8, 20),
(547, 7, 18),
(547, 42, 18),
(547, 22, 10),
(547, 37, 2),
(547, 41, 4),
(547, 30, 6),
(547, 31, 4),
(547, 32, 6),
(547, 48, 18),
(547, 6, 18),
(547, 33, 12),
(547, 9, 6),
(548, 8, 4),
(548, 7, 4),
(548, 42, 2),
(548, 22, 2),
(548, 33, 2),
(549, 8, 8),
(549, 7, 8),
(549, 42, 5),
(549, 22, 6),
(549, 31, 2),
(549, 32, 2),
(549, 48, 4),
(549, 33, 6),
(550, 8, 3),
(550, 7, 3),
(550, 42, 2),
(550, 22, 2),
(550, 30, 2),
(550, 31, 2),
(550, 32, 2),
(550, 48, 2),
(550, 33, 2),
(551, 8, 4),
(551, 7, 4),
(551, 42, 2),
(551, 37, 2),
(551, 30, 1),
(551, 31, 1),
(551, 32, 2),
(551, 6, 6),
(551, 33, 4),
(552, 25, 3),
(552, 24, 3),
(552, 23, 3),
(552, 21, 2),
(552, 17, 2),
(552, 26, 1),
(552, 14, 6),
(552, 2, 2),
(553, 14, 14),
(553, 25, 7),
(553, 24, 5),
(553, 23, 8),
(553, 17, 3),
(553, 21, 3),
(553, 16, 3),
(553, 2, 2),
(553, 26, 3),
(554, 32, 14),
(554, 30, 10),
(554, 31, 8),
(554, 9, 10),
(554, 22, 12),
(554, 33, 8),
(554, 6, 26),
(554, 42, 12),
(554, 8, 16),
(554, 7, 18),
(555, 25, 8),
(555, 14, 10),
(555, 24, 8),
(555, 17, 3),
(555, 21, 3),
(555, 16, 3),
(555, 26, 3),
(555, 23, 3),
(555, 18, 3),
(555, 20, 3),
(555, 19, 3),
(555, 27, 3),
(556, 2, 14),
(556, 16, 8),
(556, 18, 16),
(556, 23, 20),
(556, 17, 12),
(556, 21, 16),
(556, 26, 10),
(556, 20, 10),
(556, 28, 12),
(557, 8, 25),
(557, 7, 25),
(557, 42, 25),
(557, 22, 18),
(557, 37, 5),
(557, 41, 18),
(557, 30, 15),
(557, 31, 15),
(557, 32, 18),
(557, 48, 35),
(557, 6, 25),
(557, 33, 25),
(557, 9, 12),
(558, 8, 15),
(558, 7, 15),
(558, 42, 14),
(558, 22, 3),
(558, 37, 3),
(558, 41, 10),
(558, 30, 4),
(558, 31, 4),
(558, 32, 4),
(558, 6, 10),
(558, 33, 14),
(558, 9, 6),
(559, 8, 8),
(559, 7, 8),
(559, 42, 6),
(559, 22, 4),
(559, 31, 1),
(559, 32, 2),
(559, 48, 2),
(559, 33, 6),
(560, 8, 6),
(560, 7, 6),
(560, 42, 4),
(560, 37, 2),
(560, 30, 2),
(560, 31, 2),
(560, 32, 4),
(560, 6, 8),
(560, 33, 5),
(561, 8, 12),
(561, 7, 12),
(561, 42, 12),
(561, 22, 16),
(561, 37, 5),
(561, 41, 16),
(561, 30, 12),
(561, 31, 10),
(561, 32, 12),
(561, 48, 35),
(561, 6, 20),
(561, 33, 12),
(561, 9, 5),
(562, 8, 10),
(562, 7, 10),
(562, 42, 4),
(562, 22, 4),
(562, 33, 4),
(563, 8, 14),
(563, 7, 12),
(563, 42, 14),
(563, 22, 4),
(563, 37, 3),
(563, 41, 12),
(563, 30, 4),
(563, 31, 4),
(563, 32, 4),
(563, 48, 15),
(563, 6, 12),
(563, 33, 14),
(563, 9, 7),
(564, 8, 4),
(564, 7, 4),
(564, 42, 3),
(564, 22, 3),
(564, 30, 2),
(564, 31, 2),
(564, 32, 4),
(564, 48, 4),
(564, 33, 4),
(565, 47, 2),
(565, 55, 2),
(565, 38, 2),
(565, 43, 3),
(565, 40, 3),
(565, 45, 2),
(565, 39, 3),
(566, 8, 8),
(566, 7, 8),
(566, 42, 6),
(566, 22, 4),
(566, 31, 3),
(566, 32, 3),
(566, 48, 4),
(566, 33, 8),
(567, 14, 14),
(567, 25, 6),
(567, 24, 6),
(567, 23, 6),
(567, 17, 3),
(567, 21, 2),
(567, 16, 2),
(567, 2, 2),
(567, 26, 2),
(568, 25, 3),
(568, 24, 3),
(568, 23, 4),
(568, 17, 2),
(568, 21, 2),
(568, 2, 2),
(568, 26, 2),
(568, 14, 4),
(569, 25, 10),
(569, 14, 14),
(569, 24, 12),
(569, 17, 4),
(569, 21, 3),
(569, 16, 4),
(569, 26, 3),
(569, 23, 3),
(569, 18, 3),
(569, 20, 3),
(569, 19, 4),
(569, 27, 3),
(570, 2, 10),
(570, 16, 8),
(570, 18, 12),
(570, 23, 20),
(570, 17, 12),
(570, 21, 14),
(570, 26, 8),
(570, 20, 10),
(570, 28, 10),
(570, 14, 20),
(570, 19, 10),
(571, 32, 12),
(571, 30, 8),
(571, 31, 8),
(571, 9, 10),
(571, 22, 12),
(571, 48, 2),
(571, 33, 8),
(571, 6, 24),
(571, 42, 10),
(571, 8, 18),
(571, 7, 18),
(572, 8, 5),
(572, 7, 5),
(572, 42, 3),
(572, 37, 2),
(572, 30, 2),
(572, 31, 2),
(572, 32, 3),
(572, 6, 8),
(572, 33, 5),
(573, 8, 24),
(573, 7, 24),
(573, 42, 12),
(573, 22, 10),
(573, 41, 8),
(573, 30, 4),
(573, 31, 4),
(573, 32, 5),
(573, 48, 15),
(573, 6, 40),
(573, 33, 15),
(573, 9, 6),
(574, 8, 16),
(574, 7, 14),
(574, 42, 5),
(574, 22, 15),
(574, 37, 3),
(574, 41, 15),
(574, 30, 12),
(574, 31, 10),
(574, 32, 5),
(574, 48, 15),
(574, 6, 30),
(574, 33, 25),
(574, 9, 5),
(575, 8, 8),
(575, 7, 8),
(575, 42, 6),
(575, 22, 4),
(575, 31, 2),
(575, 32, 4),
(575, 48, 2),
(575, 33, 8),
(576, 8, 4),
(576, 7, 4),
(576, 42, 2),
(576, 22, 2),
(576, 30, 2),
(576, 31, 2),
(576, 32, 4),
(576, 33, 4),
(577, 8, 5),
(577, 7, 5),
(577, 42, 3),
(577, 37, 1),
(577, 30, 2),
(577, 31, 2),
(577, 32, 3),
(577, 6, 6),
(577, 33, 5),
(578, 8, 3),
(578, 7, 3),
(578, 42, 2),
(578, 22, 2),
(578, 32, 2),
(578, 33, 2),
(579, 8, 25),
(579, 7, 25),
(579, 42, 25),
(579, 22, 18),
(579, 37, 5),
(579, 41, 18),
(579, 30, 15),
(579, 31, 10),
(579, 32, 15),
(579, 48, 35),
(579, 6, 30),
(579, 33, 25),
(579, 9, 5),
(580, 8, 20),
(580, 7, 20),
(580, 42, 22),
(580, 22, 10),
(580, 41, 14),
(580, 30, 6),
(580, 31, 6),
(580, 32, 6),
(580, 48, 20),
(580, 6, 24),
(580, 33, 15),
(580, 9, 6),
(581, 8, 8),
(581, 7, 8),
(581, 42, 6),
(581, 22, 5),
(581, 31, 2),
(581, 32, 4),
(581, 33, 6),
(582, 40, 3),
(582, 39, 3),
(582, 43, 3),
(582, 38, 2),
(582, 55, 2),
(582, 47, 2),
(582, 45, 2),
(594, 32, 1),
(594, 7, 6),
(594, 42, 4),
(594, 22, 4),
(594, 30, 1),
(594, 41, 4),
(594, 31, 1),
(594, 48, 5),
(594, 8, 6),
(584, 32, 8),
(584, 30, 8),
(584, 31, 8),
(584, 9, 8),
(584, 22, 12),
(584, 48, 4),
(584, 33, 8),
(584, 6, 24),
(584, 42, 10),
(584, 8, 16),
(584, 7, 16),
(585, 8, 5),
(585, 7, 6),
(585, 42, 4),
(585, 37, 3),
(585, 30, 2),
(585, 31, 2),
(585, 32, 4),
(585, 6, 8),
(585, 33, 5),
(586, 26, 16),
(586, 16, 16),
(586, 21, 20),
(586, 19, 13),
(586, 28, 10),
(586, 24, 8),
(586, 18, 16),
(586, 23, 34),
(586, 14, 44),
(586, 2, 16),
(586, 17, 18),
(586, 20, 25),
(586, 25, 8),
(587, 8, 20),
(587, 7, 15),
(587, 42, 15),
(587, 22, 20),
(587, 37, 5),
(587, 41, 15),
(587, 30, 15),
(587, 31, 15),
(587, 32, 15),
(587, 48, 30),
(587, 6, 20),
(587, 33, 25),
(587, 9, 10),
(588, 25, 10),
(588, 14, 14),
(588, 24, 12),
(588, 17, 4),
(588, 21, 4),
(588, 16, 4),
(588, 26, 4),
(588, 23, 6),
(588, 18, 4),
(588, 20, 5),
(588, 19, 5),
(588, 27, 4),
(589, 8, 3),
(589, 7, 3),
(589, 42, 2),
(589, 22, 2),
(589, 32, 2),
(589, 33, 2),
(590, 8, 24),
(590, 7, 24),
(590, 42, 20),
(590, 22, 10),
(590, 41, 12),
(590, 30, 2),
(590, 31, 6),
(590, 32, 6),
(590, 48, 20),
(590, 6, 24),
(590, 33, 15),
(590, 9, 5),
(591, 8, 7),
(591, 7, 7),
(591, 42, 5),
(591, 22, 5),
(591, 31, 2),
(591, 32, 3),
(591, 33, 4),
(592, 14, 4),
(593, 8, 10),
(593, 7, 10),
(593, 42, 4),
(593, 22, 4),
(593, 32, 4),
(593, 33, 4),
(594, 6, 6),
(594, 33, 5),
(594, 9, 2),
(595, 8, 7),
(595, 7, 8),
(595, 42, 6),
(595, 22, 6),
(595, 31, 2),
(595, 32, 3),
(595, 48, 6),
(595, 33, 5),
(596, 8, 20),
(596, 7, 15),
(596, 42, 20),
(596, 22, 10),
(596, 37, 3),
(596, 41, 15),
(596, 30, 6),
(596, 31, 25),
(596, 32, 20),
(596, 48, 20),
(596, 6, 5),
(596, 33, 15),
(596, 9, 5),
(597, 8, 4),
(597, 7, 4),
(597, 42, 3),
(597, 37, 2),
(597, 30, 2),
(597, 31, 2),
(597, 32, 2),
(597, 6, 5),
(597, 33, 4),
(598, 25, 6),
(598, 14, 8),
(598, 24, 6),
(598, 17, 3),
(598, 21, 3),
(598, 16, 3),
(598, 26, 3),
(598, 23, 3),
(598, 18, 3),
(598, 20, 3),
(598, 19, 3),
(598, 27, 2),
(599, 2, 6),
(599, 16, 4),
(599, 18, 8),
(599, 23, 12),
(599, 17, 12),
(599, 21, 10),
(599, 26, 6),
(599, 28, 6),
(599, 25, 10),
(599, 24, 10),
(600, 8, 20),
(600, 7, 25),
(600, 42, 20),
(600, 22, 15),
(600, 37, 5),
(600, 41, 15),
(600, 30, 15),
(600, 31, 10),
(600, 32, 20),
(600, 48, 35),
(600, 6, 25),
(600, 33, 30),
(600, 9, 10),
(601, 8, 14),
(601, 7, 12),
(601, 42, 16),
(601, 22, 6),
(601, 41, 8),
(601, 30, 6),
(601, 31, 6),
(601, 32, 6),
(601, 48, 15),
(601, 6, 16),
(601, 33, 10),
(601, 9, 4),
(602, 8, 4),
(602, 7, 4),
(602, 42, 2),
(602, 22, 3),
(602, 30, 4),
(602, 31, 4),
(602, 32, 4),
(602, 48, 3),
(602, 33, 4),
(603, 8, 4),
(603, 7, 4),
(603, 42, 3),
(603, 37, 2),
(603, 30, 2),
(603, 31, 2),
(603, 32, 2),
(603, 6, 5),
(603, 33, 4),
(604, 8, 7),
(604, 7, 8),
(604, 42, 6),
(604, 22, 6),
(604, 31, 2),
(604, 32, 3),
(604, 48, 6),
(604, 33, 5),
(605, 47, 2),
(605, 55, 2),
(605, 38, 2),
(605, 43, 3),
(605, 40, 3),
(605, 39, 3),
(605, 45, 2),
(606, 2, 12),
(606, 16, 10),
(606, 18, 12),
(606, 23, 20),
(606, 17, 12),
(606, 21, 14),
(606, 26, 10),
(606, 20, 20),
(606, 28, 10),
(606, 14, 20),
(606, 19, 10),
(607, 25, 4),
(607, 24, 4),
(607, 23, 5),
(607, 17, 2),
(607, 21, 2),
(607, 2, 1),
(607, 26, 2),
(607, 14, 8),
(607, 16, 2),
(608, 14, 14),
(608, 25, 7),
(608, 24, 7),
(608, 23, 6),
(608, 17, 3),
(608, 21, 2),
(608, 16, 2),
(608, 2, 3),
(608, 26, 2),
(609, 25, 8),
(609, 14, 10),
(609, 24, 8),
(609, 17, 3),
(609, 21, 3),
(609, 16, 3),
(609, 26, 3),
(609, 23, 3),
(609, 18, 3),
(609, 20, 3),
(609, 19, 3),
(609, 27, 3),
(610, 8, 18),
(610, 7, 14),
(610, 42, 16),
(610, 22, 6),
(610, 37, 4),
(610, 41, 8),
(610, 30, 3),
(610, 31, 6),
(610, 32, 3),
(610, 48, 15),
(610, 6, 20),
(610, 33, 8),
(610, 9, 4),
(611, 8, 15),
(611, 7, 15),
(611, 42, 12),
(611, 22, 12),
(611, 37, 3),
(611, 41, 10),
(611, 30, 12),
(611, 31, 15),
(611, 32, 15),
(611, 48, 25),
(611, 6, 25),
(611, 33, 25),
(611, 9, 8),
(612, 14, 6),
(613, 8, 10),
(613, 42, 5),
(613, 22, 5),
(613, 37, 5),
(613, 41, 5),
(613, 32, 5),
(613, 48, 35),
(613, 6, 25),
(613, 33, 25),
(613, 9, 10),
(614, 8, 4),
(614, 7, 4),
(614, 42, 3),
(614, 37, 2),
(614, 30, 3),
(614, 31, 2),
(614, 32, 2),
(614, 6, 5),
(614, 33, 4),
(615, 8, 4),
(615, 7, 4),
(615, 42, 2),
(615, 22, 2),
(615, 32, 2),
(615, 33, 2),
(616, 8, 5),
(616, 7, 5),
(616, 42, 3),
(616, 22, 3),
(616, 32, 3),
(616, 48, 1),
(616, 33, 5),
(617, 8, 8),
(617, 7, 8),
(617, 42, 6),
(617, 22, 5),
(617, 31, 2),
(617, 32, 2),
(617, 48, 6),
(617, 33, 5),
(618, 8, 18),
(618, 7, 16),
(618, 42, 6),
(618, 22, 8),
(618, 37, 2),
(618, 41, 8),
(618, 30, 2),
(618, 31, 3),
(618, 32, 3),
(618, 48, 10),
(618, 6, 18),
(618, 33, 12),
(618, 9, 4),
(619, 43, 3),
(619, 40, 3),
(619, 39, 3),
(619, 47, 2),
(619, 55, 2),
(619, 38, 2),
(619, 45, 2);

-- --------------------------------------------------------

--
-- Estrutura da tabela `order_status`
--

CREATE TABLE `order_status` (
  `order_status_id` int(11) NOT NULL,
  `description` varchar(50) COLLATE utf8_unicode_ci NOT NULL
) ENGINE=MyISAM DEFAULT CHARSET=utf8 COLLATE=utf8_unicode_ci;

--
-- Extraindo dados da tabela `order_status`
--

INSERT INTO `order_status` (`order_status_id`, `description`) VALUES
(1, 'Not Started'),
(2, 'In Progress'),
(3, 'Canceled'),
(4, 'Completed');

-- --------------------------------------------------------

--
-- Estrutura da tabela `products`
--

CREATE TABLE `products` (
  `product_id` int(11) NOT NULL,
  `description` varchar(100) COLLATE utf8_unicode_ci NOT NULL,
  `photo_path` varchar(200) COLLATE utf8_unicode_ci NOT NULL,
  `available` tinyint(4) NOT NULL DEFAULT '0',
  `company_id` int(11) NOT NULL DEFAULT '1'
) ENGINE=MyISAM DEFAULT CHARSET=utf8 COLLATE=utf8_unicode_ci;

--
-- Extraindo dados da tabela `products`
--

INSERT INTO `products` (`product_id`, `description`, `photo_path`, `available`, `company_id`) VALUES
(2, 'Joes Roast Beef', 'resources/images/products/bitmap_13.jpg', 1, 1),
(4, 'Coronation Chicken', 'resources/images/products/bitmap_10.jpg', 0, 2),
(5, 'Tuna Melt', 'resources/images/products/bitmap_15.jpg', 0, 2),
(6, 'Ham Cheese Toasty', 'resources/images/products/bitmap_16.jpg', 1, 2),
(7, 'Wicklow Special', 'resources/images/products/bitmap_02.jpg', 1, 2),
(8, 'Italian Chicken', 'resources/images/products/bitmap_01.jpg', 1, 2),
(9, 'Cheese Onion Tomato Toasty', 'resources/images/products/bitmap_17.jpg', 1, 2),
(12, 'Breakfast', 'resources/images/products/bitmap_19.jpg', 0, 2),
(14, 'Best Grilled Cheese', 'resources/images/products/bitmap_11.jpg', 1, 1),
(15, 'Joes Granola & yogurt', 'resources/images/products/bitmap_05.jpg', 1, 1),
(16, 'Joes Norwegian', 'resources/images/products/bitmap_11.jpg', 1, 1),
(17, 'Joes Irish', 'resources/images/products/bitmap_11.jpg', 1, 1),
(18, 'Joes Cheddar Ham Pickle', 'resources/images/products/bitmap_11.jpg', 1, 1),
(19, 'Joes FO Mozzarella', 'resources/images/products/bitmap_11.jpg', 1, 1),
(20, 'Joes FO Ham & Cheddar', 'resources/images/products/bitmap_11.jpg', 1, 1),
(21, 'Joes Italian Chicken', 'resources/images/products/bitmap_11.jpg', 1, 1),
(22, 'Chicken and Stuffing', 'resources/images/products/bitmap_11.jpg', 1, 2),
(23, 'Joes High Eggspetations', 'resources/images/products/bitmap_07.jpg', 1, 1),
(24, 'Joes Ham & Cheddar Baguette', 'resources/images/products/bitmap_11.jpg', 1, 1),
(25, 'Joes Chorizzo Baguette', 'resources/images/products/bitmap_11.jpg', 1, 1),
(26, 'Joes Tuna Salad', 'resources/images/products/bitmap_03.jpg', 1, 1),
(27, 'Joes Croissant', 'resources/images/products/bitmap_08.jpg', 1, 1),
(28, 'Joes Kids Ham', 'resources/images/products/bitmap_14.jpg', 1, 1),
(30, 'BLT Baguette', 'resources/images/products/bitmap_01.jpg', 1, 2),
(31, 'Caprese Baguette', 'resources/images/products/bitmap_01.jpg', 1, 2),
(32, 'Big Club Sandwich', 'resources/images/products/bitmap_01.jpg', 1, 2),
(33, 'Ham Cheese Croissant', 'resources/images/products/bitmap_21.jpg', 1, 2),
(37, 'Kids Ham', 'resources/images/products/bitmap_23.jpg', 1, 2),
(38, 'Dubray Ham Cheese Toasty', 'resources/images/products/bitmap_24.jpg', 1, 3),
(39, 'Dubray Wicklow Special', 'resources/images/products/bitmap_25.jpg', 1, 3),
(40, 'Dubray Italian Chicken', 'resources/images/products/bitmap_26.jpg', 1, 3),
(41, 'Smoked Salmon', 'resources/images/products/bitmap_27.jpg', 1, 2),
(42, 'High Eggspetations', 'resources/images/products/bitmap_28.jpg', 1, 2),
(43, 'Dubray High Eggspetations', 'resources/images/products/bitmap_29.jpg', 1, 3),
(44, 'Tuna Salad', 'resources/images/products/bitmap_30.jpg', 0, 2),
(45, 'Dubray Tuna Salad', 'resources/images/products/bitmap_31.jpg', 1, 3),
(47, 'Dubray Best Grilled Cheese', 'resources/images/products/bitmap_33.jpg', 1, 3),
(48, 'Granola & yogurt', 'resources/images/products/bitmap_34.jpg', 1, 2),
(55, 'Dubray Chicken and Stuffing', 'resources/images/products/bitmap_41.jpg', 1, 3);

-- --------------------------------------------------------

--
-- Estrutura da tabela `stores`
--

CREATE TABLE `stores` (
  `store_id` int(11) NOT NULL,
  `company_id` int(11) NOT NULL,
  `name` varchar(200) COLLATE utf8_unicode_ci NOT NULL,
  `short_name` varchar(100) COLLATE utf8_unicode_ci NOT NULL
) ENGINE=MyISAM DEFAULT CHARSET=utf8 COLLATE=utf8_unicode_ci;

--
-- Extraindo dados da tabela `stores`
--

INSERT INTO `stores` (`store_id`, `company_id`, `name`, `short_name`) VALUES
(1, 1, 'Joes Arnotts', 'Joes Arnotts'),
(2, 1, 'Joes Leeson Street', 'Joes Leeson Street'),
(3, 1, 'Joes Alchemy Kildare Village', 'Joes Alchemy Kildare Village'),
(4, 1, 'Joes MG', 'Joes MG'),
(5, 2, 'Butlers Swords', 'Butlers Swords'),
(6, 2, 'Butlers Dundrum', 'Butlers Dundrum'),
(7, 2, 'Butlers Blanchardstown', 'Butlers Blanchardstown'),
(8, 2, 'Butlers Liffey Valley', 'Butlers Liffey Valley'),
(9, 2, 'Butlers Airport T1', 'Butlers Airport T1'),
(10, 2, 'Butlers Airport T2', 'Butlers Airport T2'),
(11, 2, 'Butlers Clonshaugh', 'Butlers Clonshaugh'),
(12, 3, 'Dubray', 'Dubray');

-- --------------------------------------------------------

--
-- Estrutura da tabela `users`
--

CREATE TABLE `users` (
  `user_id` int(11) NOT NULL,
  `store_id` int(11) NOT NULL,
  `name` varchar(200) COLLATE utf8_unicode_ci NOT NULL,
  `login` varchar(50) COLLATE utf8_unicode_ci NOT NULL,
  `passwd` varchar(32) COLLATE utf8_unicode_ci NOT NULL,
  `admin` tinyint(1) NOT NULL DEFAULT '1'
) ENGINE=MyISAM DEFAULT CHARSET=utf8 COLLATE=utf8_unicode_ci;

--
-- Extraindo dados da tabela `users`
--

INSERT INTO `users` (`user_id`, `store_id`, `name`, `login`, `passwd`, `admin`) VALUES
(1, 1, 'Alvaro Augusto Roberto', 'alvaro', '49dbafc90e9ee505307bda2cd62c483c', 1),
(2, 1, 'Willian Freitas', 'willian', '0940004e70ce8d82b440d3c1244dfdee', 1);

--
-- Indexes for dumped tables
--

--
-- Indexes for table `companies`
--
ALTER TABLE `companies`
  ADD PRIMARY KEY (`company_id`);

--
-- Indexes for table `orders`
--
ALTER TABLE `orders`
  ADD PRIMARY KEY (`order_id`),
  ADD KEY `order_status_order_fk` (`order_status_id`),
  ADD KEY `stores_orders_fk` (`store_id`),
  ADD KEY `users_order_fk` (`user_id`);

--
-- Indexes for table `order_items`
--
ALTER TABLE `order_items`
  ADD PRIMARY KEY (`order_id`,`product_id`),
  ADD KEY `products_order_items_fk` (`product_id`);

--
-- Indexes for table `order_status`
--
ALTER TABLE `order_status`
  ADD PRIMARY KEY (`order_status_id`);

--
-- Indexes for table `products`
--
ALTER TABLE `products`
  ADD PRIMARY KEY (`product_id`);

--
-- Indexes for table `stores`
--
ALTER TABLE `stores`
  ADD PRIMARY KEY (`store_id`),
  ADD KEY `companies_stores_fk` (`company_id`);

--
-- Indexes for table `users`
--
ALTER TABLE `users`
  ADD PRIMARY KEY (`user_id`),
  ADD KEY `stores_users_fk` (`store_id`);

--
-- AUTO_INCREMENT for dumped tables
--

--
-- AUTO_INCREMENT for table `companies`
--
ALTER TABLE `companies`
  MODIFY `company_id` int(11) NOT NULL AUTO_INCREMENT, AUTO_INCREMENT=4;

--
-- AUTO_INCREMENT for table `orders`
--
ALTER TABLE `orders`
  MODIFY `order_id` int(11) NOT NULL AUTO_INCREMENT, AUTO_INCREMENT=620;

--
-- AUTO_INCREMENT for table `order_status`
--
ALTER TABLE `order_status`
  MODIFY `order_status_id` int(11) NOT NULL AUTO_INCREMENT, AUTO_INCREMENT=5;

--
-- AUTO_INCREMENT for table `products`
--
ALTER TABLE `products`
  MODIFY `product_id` int(11) NOT NULL AUTO_INCREMENT, AUTO_INCREMENT=61;

--
-- AUTO_INCREMENT for table `stores`
--
ALTER TABLE `stores`
  MODIFY `store_id` int(11) NOT NULL AUTO_INCREMENT, AUTO_INCREMENT=13;

--
-- AUTO_INCREMENT for table `users`
--
ALTER TABLE `users`
  MODIFY `user_id` int(11) NOT NULL AUTO_INCREMENT, AUTO_INCREMENT=3;
COMMIT;
